Cycle Nr.,1,2,3,4,5,6,7,8,9,10,11,12,13,14,15,16,17,18,19,20,21,22,23,24,25,26,27,28,29,30,31,32,33,34,35,36,37,38,39,40,41,42,43,44,45,46,47,48,49,50,51,52,53,54,55,56,57,58,59,60
Time [s],0,1020.5,2040.5,3060.5,4080.5,5100.5,6120.5,7140.5,8160.5,9180.5,10200.5,11220.5,12240.5,13260.5,14280.5,15300.5,16320.5,17340.4,18360.4,19380.4,20400.4,21420.4,22440.4,23460.4,24480.4,25500.4,26520.4,27540.4,28560.4,29580.4,30600.4,31620.4,32640.4,33660.4,34680.4,35700.4,36720.4,37740.4,38760.4,39780.4,40800.4,41820.4,42840.4,43860.4,44880.4,45900.4,46920.4,47940.4,48960.4,49980.3,51000.3,52020.3,53040.3,54060.3,55080.3,56100.3,57120.3,58140.3,59160.3,60180.3
Temp. [°C],21.7,36.7,37,37,36.9,37,37.1,37,37.3,36.9,36.8,37.2,36.6,37.1,37.3,37.1,36.9,36.9,37,37,37.2,37.3,37.1,37.2,37.3,37.1,37,36.9,36.9,37,36.9,36.8,37,37,37,36.9,37,37,37.1,37.1,37.1,37,36.9,37.1,37.1,37.1,37,37.1,37.4,37,37,36.8,37.2,36.9,37.2,37,37,37.1,37,37.2
A1,0.055199999,0.054900002,0.056200001,0.0583,0.061000001,0.0647,0.0704,0.0779,0.086800002,0.0986,0.1149,0.134499997,0.158500001,0.184300005,0.214100003,0.246099994,0.284200013,0.323000014,0.368099988,0.375699997,0.375499994,0.374599993,0.373800009,0.374900013,0.3741,0.375099987,0.376199991,0.378300011,0.377700001,0.379400015,0.381300002,0.384600013,0.386599988,0.385899991,0.390899986,0.392800003,0.396600008,0.400700003,0.404900014,0.409700006,0.416799992,0.422100008,0.423299998,0.428000003,0.432500005,0.436399996,0.441700011,0.443599999,0.449600011,0.450100005,0.455500007,0.455900013,0.460900009,0.462799996,0.466500014,0.472600013,0.474599987,0.481299996,0.484100014,0.489399999
A2,0.054699998,0.0548,0.0559,0.057700001,0.060699999,0.064599998,0.069700003,0.077299997,0.085900001,0.097000003,0.1131,0.131899998,0.154300004,0.1796,0.208199993,0.239399999,0.275999993,0.317200005,0.358099997,0.374000013,0.3741,0.373800009,0.374000013,0.373400003,0.372700006,0.372500002,0.373299986,0.373800009,0.374900013,0.376899987,0.377799988,0.380299985,0.382600009,0.38409999,0.387899995,0.390599996,0.3926,0.398499995,0.401199996,0.405400008,0.410299987,0.416200012,0.4199,0.425900012,0.42809999,0.431899995,0.436100006,0.439700007,0.444799989,0.449099988,0.454600006,0.456900001,0.461199999,0.467099994,0.470899999,0.476700008,0.481099993,0.485399991,0.490099996,0.494300008
A3,0.0557,0.0561,0.057399999,0.059900001,0.063299999,0.067500003,0.074000001,0.082199998,0.0911,0.104099996,0.120499998,0.136299998,0.157100007,0.181099996,0.205200002,0.236699998,0.273600012,0.31220001,0.347799987,0.344900012,0.345299989,0.343499988,0.342999995,0.343300015,0.343699992,0.341800004,0.344599992,0.343600005,0.346399993,0.345400006,0.348500013,0.350400001,0.352299988,0.354200006,0.356599987,0.360300004,0.361200005,0.36559999,0.370099992,0.370900005,0.376399994,0.384499997,0.386299998,0.390799999,0.396299988,0.397599995,0.4014,0.407700002,0.409500003,0.412,0.415699989,0.41960001,0.422399998,0.425399989,0.429500014,0.433400005,0.436399996,0.439900011,0.443300009,0.448500007
A4,0.053300001,0.053100001,0.054099999,0.056200001,0.059300002,0.063199997,0.068999998,0.077299997,0.086800002,0.098700002,0.114600003,0.132300004,0.154400006,0.181500003,0.209999993,0.242699996,0.282000005,0.324499995,0.364899993,0.370499998,0.369899988,0.369100004,0.367300004,0.367199987,0.368699998,0.367000014,0.367300004,0.367900014,0.369399995,0.370700002,0.371499985,0.374199986,0.374500006,0.37650001,0.379500002,0.381700009,0.3847,0.388500005,0.392100006,0.395399988,0.400400013,0.405499995,0.411300004,0.415300012,0.419800013,0.423000008,0.426400006,0.429500014,0.432700008,0.434799999,0.439799994,0.442099988,0.444299996,0.447100013,0.451799989,0.45660001,0.458299994,0.461899996,0.464399993,0.467700005
A5,0.0568,0.0559,0.057399999,0.060800001,0.063900001,0.068999998,0.077,0.084799998,0.0964,0.107799999,0.122100003,0.139500007,0.1602,0.180399999,0.208900005,0.242300004,0.277700007,0.29550001,0.351300001,0.340499997,0.342000008,0.340700001,0.339700013,0.340299994,0.341399997,0.341100007,0.342700005,0.345699996,0.347499996,0.347299993,0.3477,0.346899986,0.347600013,0.3495,0.353199989,0.356900007,0.362699986,0.369100004,0.371699989,0.37650001,0.383899987,0.387100011,0.39199999,0.396699995,0.398799986,0.403600007,0.409000009,0.412499994,0.417800009,0.422199994,0.426899999,0.430599988,0.43720001,0.440299988,0.445300013,0.450100005,0.45480001,0.461499989,0.46540001,0.469799995
A6,0.055599999,0.056000002,0.057100002,0.059799999,0.063699998,0.068800002,0.076499999,0.085500002,0.096100003,0.110100001,0.128000006,0.148699999,0.173700005,0.204600006,0.238999993,0.278100014,0.3213,0.367799997,0.407000005,0.401300013,0.399800003,0.396899998,0.396400005,0.395999998,0.395300001,0.395700008,0.396100014,0.395799994,0.397300005,0.397500008,0.398799986,0.398999989,0.400900006,0.4014,0.404300004,0.405900002,0.407599986,0.411000013,0.413100004,0.416599989,0.420399994,0.424800009,0.428200006,0.433400005,0.4384,0.443300009,0.448000014,0.451900005,0.45629999,0.460500002,0.466699988,0.469199985,0.473399997,0.478100002,0.482199997,0.486299992,0.490799993,0.495000005,0.500999987,0.505200028
A7,0.057799999,0.0579,0.059700001,0.062700003,0.066500001,0.071999997,0.079999998,0.089299999,0.099600002,0.114399999,0.131799996,0.153400004,0.1787,0.206,0.236100003,0.273000002,0.311399996,0.354200006,0.370000005,0.368600011,0.367599994,0.367399991,0.368400007,0.36559999,0.369100004,0.36559999,0.368000001,0.367799997,0.367599994,0.368299991,0.369800001,0.371699989,0.370499998,0.373699993,0.373800009,0.377600014,0.377799988,0.379599988,0.38409999,0.385500014,0.386599988,0.39320001,0.397399992,0.4005,0.406599998,0.408399999,0.41080001,0.414600015,0.418000013,0.421400011,0.425300002,0.425300002,0.42899999,0.431199998,0.433299989,0.437099993,0.439799994,0.440699995,0.445499986,0.449499995
A8,0.0561,0.056400001,0.057399999,0.0594,0.062899999,0.067199998,0.072999999,0.081600003,0.091399997,0.103699997,0.120700002,0.140900001,0.164299995,0.192699999,0.227200001,0.264499992,0.307099998,0.353899986,0.400099993,0.416700006,0.417600006,0.415100008,0.414099991,0.412800014,0.412900001,0.411900014,0.413100004,0.412600011,0.412800014,0.413300008,0.413899988,0.414799988,0.415399998,0.415600002,0.416900009,0.417899996,0.419099987,0.4208,0.423000008,0.424800009,0.427899987,0.431400001,0.434899986,0.440299988,0.444700003,0.447299987,0.451499999,0.454899997,0.458200008,0.461299986,0.465299994,0.467599988,0.470999986,0.4736,0.476700008,0.479699999,0.482600003,0.486499995,0.488599986,0.49180001
A9,0.055799998,0.0568,0.058600001,0.061500002,0.065499999,0.070900001,0.078900002,0.087899998,0.097999997,0.111699998,0.128199995,0.147599995,0.172499999,0.200100005,0.232600003,0.270399988,0.312700003,0.353599995,0.38319999,0.380400002,0.379299998,0.376100004,0.376800001,0.375699997,0.376300007,0.375999987,0.376100004,0.376100004,0.376899987,0.377499998,0.379599988,0.379500002,0.382099986,0.381900012,0.384799987,0.385600001,0.387699991,0.391000003,0.393000007,0.395200014,0.399100006,0.40200001,0.405499995,0.411500007,0.414900005,0.417100012,0.422699988,0.425300002,0.428299993,0.431899995,0.433999985,0.435900003,0.437900007,0.440600008,0.442900002,0.445600003,0.447600007,0.451799989,0.453000009,0.456
A10,0.059700001,0.062700003,0.065700002,0.070100002,0.075599998,0.084399998,0.093999997,0.105099998,0.118600003,0.136700004,0.158000007,0.182899997,0.211799994,0.245299995,0.283100009,0.325399995,0.367599994,0.404599994,0.404000014,0.404000014,0.402999997,0.401600003,0.4014,0.401499987,0.40200001,0.40110001,0.40200001,0.40200001,0.40259999,0.40290001,0.404000014,0.405099988,0.405600011,0.406399995,0.407499999,0.409999996,0.411300004,0.412999988,0.416399986,0.417800009,0.42050001,0.425300002,0.42809999,0.430799991,0.4366,0.439099997,0.443699986,0.448000014,0.452100009,0.456099987,0.460700005,0.464599997,0.468199998,0.47330001,0.476900011,0.479999989,0.484100014,0.489499986,0.493699998,0.498800009
A11,0.059900001,0.059799999,0.0612,0.064400002,0.067900002,0.073299997,0.080899999,0.090300001,0.1008,0.113600001,0.129600003,0.149299994,0.172800004,0.199699998,0.231900007,0.26879999,0.310000002,0.352800012,0.389800012,0.38319999,0.382099986,0.382699996,0.380499989,0.380699992,0.381599993,0.381799996,0.381900012,0.381199986,0.381399989,0.380800009,0.382099986,0.3847,0.383100003,0.386799991,0.386099994,0.388500005,0.391799986,0.393999994,0.396499991,0.40200001,0.40200001,0.405600011,0.409799993,0.412499994,0.418900013,0.425500005,0.426299989,0.429199994,0.430999994,0.432300001,0.433999985,0.435400009,0.439700007,0.443599999,0.445100009,0.451400012,0.456499994,0.456499994,0.460399985,0.46540001
A12,0.054699998,0.055,0.056400001,0.058400001,0.061299998,0.065800004,0.0704,0.077699997,0.086999997,0.0973,0.111100003,0.127599999,0.148000002,0.172299996,0.2007,0.231900007,0.268900007,0.308699995,0.354200006,0.397100002,0.409099996,0.408100009,0.405400008,0.406599998,0.403100014,0.403899997,0.40259999,0.402700007,0.401800007,0.40290001,0.4023,0.404399991,0.404000014,0.404199988,0.406300008,0.406199992,0.407799989,0.408899993,0.410899997,0.412800014,0.416599989,0.417499989,0.420100003,0.423599988,0.425700009,0.431499988,0.435099989,0.440200001,0.444200009,0.446999997,0.449400008,0.453299999,0.458200008,0.459699988,0.462799996,0.466300011,0.468499988,0.472000003,0.47389999,0.476700008
B1,0.055199999,0.055500001,0.056699999,0.059099998,0.062600002,0.067199998,0.073600002,0.082599998,0.093800001,0.107199997,0.124399997,0.145099998,0.170200005,0.200100005,0.235400006,0.274899989,0.318100005,0.365700006,0.410400003,0.428200006,0.426800013,0.425799996,0.423799992,0.424100012,0.423999995,0.425000012,0.425599992,0.426600009,0.42719999,0.42899999,0.430000007,0.432500005,0.434899986,0.437400013,0.440899998,0.443399996,0.44659999,0.451000005,0.456,0.460099995,0.467000008,0.471700013,0.476000011,0.480399996,0.484400004,0.488400012,0.493099988,0.496699989,0.500999987,0.505500019,0.509800017,0.514599979,0.518599987,0.523999989,0.529600024,0.534600019,0.540000021,0.544799984,0.549799979,0.555000007
B2,0.0539,0.055199999,0.056299999,0.0583,0.061900001,0.066500001,0.072800003,0.082400002,0.093800001,0.108900003,0.129199997,0.153099999,0.180399999,0.213200003,0.25150001,0.292400002,0.336600006,0.385100007,0.430099994,0.455300003,0.451599985,0.449800014,0.44690001,0.445899993,0.444799989,0.445600003,0.44569999,0.446500003,0.447400004,0.448799998,0.449900001,0.451400012,0.453500003,0.455500007,0.458099991,0.460900009,0.463800013,0.467200011,0.470400006,0.473699987,0.477600008,0.480100006,0.485199988,0.490399987,0.494399995,0.497700006,0.501800001,0.505200028,0.50910002,0.513100028,0.515900016,0.519299984,0.523699999,0.528299987,0.533100009,0.537899971,0.542800009,0.546599984,0.551100016,0.555700004
B3,0.054699998,0.055399999,0.056299999,0.058699999,0.061999999,0.066299997,0.0726,0.080899999,0.091200002,0.106700003,0.127000004,0.149900004,0.176100001,0.204600006,0.238700002,0.274500012,0.316799998,0.361600012,0.405499995,0.416700006,0.414999992,0.412900001,0.412999988,0.412400007,0.411799997,0.412,0.412400007,0.413599998,0.413700014,0.415100008,0.416900009,0.418500006,0.421999991,0.422199994,0.426099986,0.427700013,0.431600004,0.435499996,0.438600004,0.441300005,0.445499986,0.451099992,0.455199987,0.460000008,0.461600006,0.466399997,0.471599996,0.473399997,0.478700012,0.482600003,0.487199992,0.488400012,0.492300004,0.496300012,0.499500006,0.504199982,0.507600009,0.512499988,0.515399992,0.518700004
B4,0.055799998,0.0559,0.057300001,0.059300002,0.0623,0.066600002,0.072700001,0.081100002,0.0911,0.103799999,0.1193,0.137799993,0.158999994,0.181999996,0.209800005,0.243699998,0.281399995,0.32280001,0.363099992,0.381599993,0.380499989,0.377600014,0.375699997,0.375400007,0.37349999,0.374900013,0.375499994,0.377799988,0.376700014,0.378600001,0.379799992,0.382499993,0.383599997,0.384900004,0.389800012,0.391299993,0.394400001,0.398299992,0.405499995,0.405499995,0.412099987,0.415899992,0.419099987,0.424299985,0.428799987,0.42930001,0.433800012,0.437999994,0.4384,0.441500008,0.446399987,0.447699994,0.449600011,0.453000009,0.456999987,0.459300011,0.461199999,0.46509999,0.467500001,0.470600009
B5,0.055599999,0.055799998,0.057399999,0.059700001,0.063500002,0.068499997,0.074100003,0.081,0.092799999,0.104500003,0.112400003,0.126200005,0.145600006,0.165999994,0.192200005,0.219300002,0.249799997,0.275999993,0.307599992,0.351599991,0.350699991,0.353500009,0.353399992,0.354099989,0.352200001,0.353300005,0.352400005,0.352200001,0.352699995,0.354400009,0.356400013,0.360799998,0.360599995,0.361799985,0.367799997,0.375499994,0.379500002,0.381900012,0.387199998,0.392500013,0.397700012,0.406599998,0.414400011,0.420300007,0.428000003,0.429800004,0.436100006,0.441399992,0.447100013,0.450800002,0.457899988,0.462000012,0.464300007,0.468800008,0.477200001,0.482300013,0.49059999,0.494500011,0.503000021,0.50910002
B6,0.055100001,0.055799998,0.057599999,0.060400002,0.065399997,0.068700001,0.075099997,0.088500001,0.093800001,0.1008,0.104500003,0.114299998,0.129500002,0.1479,0.172700003,0.200499997,0.236100003,0.275999993,0.341399997,0.372799993,0.386599988,0.385899991,0.376199991,0.376100004,0.368099988,0.36469999,0.361400008,0.357499987,0.35620001,0.351000011,0.351300001,0.350800008,0.34709999,0.34889999,0.354900002,0.356999993,0.362500012,0.363700002,0.369599998,0.378300011,0.388000011,0.394400001,0.395599991,0.397799999,0.395900011,0.398999989,0.404300004,0.411599994,0.415699989,0.424400002,0.427700013,0.43779999,0.443500012,0.451499999,0.461699992,0.470200002,0.479099989,0.485399991,0.488999993,0.499599993
B7,0.055300001,0.055100001,0.056499999,0.058499999,0.061999999,0.065899998,0.071999997,0.081299998,0.090400003,0.101599999,0.1175,0.134000003,0.154100001,0.177399993,0.207000002,0.238999993,0.275099993,0.318899989,0.360900015,0.374599993,0.374799997,0.375499994,0.372500002,0.371800005,0.370700002,0.372500002,0.372399986,0.373699993,0.373699993,0.373800009,0.37560001,0.376199991,0.377900004,0.378800005,0.383399993,0.382099986,0.385500014,0.388200015,0.39320001,0.395399988,0.401899993,0.405099988,0.408499986,0.413100004,0.416000009,0.420100003,0.424600005,0.426999986,0.430400014,0.433800012,0.434899986,0.437700003,0.439999998,0.444000006,0.44690001,0.449900001,0.452399999,0.456900001,0.457100004,0.462700009
B8,0.0557,0.0559,0.057500001,0.059799999,0.0634,0.068300001,0.074699998,0.084600002,0.094800003,0.1074,0.123800002,0.143700004,0.167199999,0.195099995,0.227400005,0.263799995,0.304399997,0.350100011,0.396100014,0.406500012,0.406899989,0.407000005,0.404000014,0.403400004,0.402399987,0.402399987,0.403400004,0.404300004,0.404000014,0.405600011,0.407599986,0.408199996,0.409299999,0.410400003,0.415100008,0.414200008,0.41839999,0.420700014,0.425399989,0.429199994,0.434199989,0.439300001,0.441100001,0.446500003,0.449900001,0.452699989,0.456699997,0.460500002,0.463,0.466199994,0.468400002,0.470800012,0.47389999,0.477999985,0.481900007,0.483999997,0.487300009,0.491600007,0.493299991,0.50029999
B9,0.055199999,0.055199999,0.056699999,0.058499999,0.061700001,0.065399997,0.07,0.078000002,0.086900003,0.096699998,0.1096,0.126800001,0.145199999,0.167099997,0.191699997,0.224700004,0.256900012,0.299299985,0.339300007,0.37560001,0.372399986,0.372000009,0.367300004,0.368600011,0.366100013,0.367300004,0.369500011,0.369700015,0.368999988,0.371199995,0.372700006,0.375400007,0.374900013,0.377000004,0.379900008,0.379799992,0.384200007,0.386500001,0.390500009,0.393599987,0.4005,0.405099988,0.407799989,0.412699997,0.416200012,0.417199999,0.420899987,0.425700009,0.42840001,0.430000007,0.431800008,0.432200015,0.435799986,0.43689999,0.441700011,0.445899993,0.448900014,0.450800002,0.451299995,0.458299994
B10,0.0557,0.055199999,0.056400001,0.058600001,0.062399998,0.066600002,0.071800001,0.079700001,0.088100001,0.097900003,0.111299999,0.128600001,0.146599993,0.170000002,0.1972,0.2271,0.261599988,0.301800013,0.343199998,0.382600009,0.379799992,0.376599997,0.375099987,0.372900009,0.372299999,0.369199991,0.368800014,0.367199987,0.368400007,0.367799997,0.368600011,0.369599998,0.371699989,0.37470001,0.377200007,0.385699987,0.389099985,0.39320001,0.395700008,0.399800003,0.402999997,0.408399999,0.413700014,0.417699993,0.422199994,0.425000012,0.430900007,0.434100002,0.437900007,0.442499995,0.450300008,0.462399989,0.463,0.469300002,0.458400011,0.466800004,0.469099998,0.462199986,0.466399997,0.474799991
B11,0.055399999,0.055399999,0.057500001,0.0605,0.065099999,0.069300003,0.075400002,0.083300002,0.090899996,0.099399999,0.112400003,0.127000004,0.144500002,0.166099995,0.1919,0.218899995,0.25060001,0.287600011,0.323399991,0.348199993,0.345600009,0.343300015,0.342099994,0.340900004,0.341699988,0.341199994,0.341300011,0.340900004,0.341800004,0.342000008,0.344099998,0.345400006,0.34709999,0.349599987,0.351700008,0.353799999,0.357600003,0.361099988,0.364899993,0.368699998,0.376300007,0.380699992,0.386299998,0.389600009,0.393099993,0.396600008,0.40169999,0.404799998,0.408399999,0.412600011,0.417699993,0.422100008,0.426099986,0.431199998,0.436699986,0.441799998,0.445199996,0.449499995,0.453500003,0.456999987
B12,0.050700001,0.050500002,0.050500002,0.0506,0.0506,0.0504,0.050500002,0.0506,0.0506,0.050500002,0.0504,0.050299998,0.050099999,0.0502,0.050000001,0.050099999,0.050099999,0.050000001,0.050099999,0.050000001,0.050000001,0.050000001,0.049699999,0.049899999,0.049699999,0.049899999,0.050000001,0.049899999,0.049800001,0.049899999,0.050099999,0.049899999,0.050000001,0.050099999,0.050000001,0.050000001,0.049899999,0.050000001,0.049899999,0.049899999,0.050000001,0.050000001,0.050299998,0.050000001,0.050000001,0.049899999,0.050000001,0.050099999,0.049899999,0.050000001,0.0502,0.050000001,0.050099999,0.050099999,0.050299998,0.050000001,0.050000001,0.0502,0.0502,0.050299998
C1,0.056400001,0.056600001,0.058699999,0.061299998,0.065800004,0.071099997,0.0779,0.085699998,0.095899999,0.108999997,0.124799997,0.145600006,0.1699,0.197799996,0.226799995,0.25850001,0.293199986,0.335599989,0.364600003,0.389699996,0.39230001,0.390700012,0.392199993,0.3917,0.394300014,0.393299997,0.395500004,0.397000015,0.399599999,0.398999989,0.400700003,0.400900006,0.402999997,0.407400012,0.409299999,0.41139999,0.411300004,0.416299999,0.419099987,0.424699992,0.42930001,0.436500013,0.438499987,0.441399992,0.446999997,0.450100005,0.45570001,0.462199986,0.467400014,0.473399997,0.477699995,0.482300013,0.486099988,0.490500003,0.497599989,0.501299977,0.509599984,0.511500001,0.51700002,0.524699986
C2,0.054299999,0.054400001,0.056400001,0.058600001,0.0623,0.067400001,0.073299997,0.080899999,0.089599997,0.102799997,0.116400003,0.131999999,0.152700007,0.177499995,0.209700003,0.244599998,0.28639999,0.331699997,0.380400002,0.404599994,0.411199987,0.413899988,0.417400002,0.416599989,0.417100012,0.417600006,0.421400011,0.421600014,0.423999995,0.426699996,0.42930001,0.430900007,0.435099989,0.435499996,0.439500004,0.441700011,0.445199996,0.453099996,0.456900001,0.46329999,0.469999999,0.475400001,0.479699999,0.485199988,0.4912,0.497399986,0.504299998,0.511099994,0.51789999,0.524500012,0.532199979,0.538800001,0.546000004,0.55309999,0.559499979,0.566799998,0.573300004,0.5801,0.586799979,0.593299985
C3,0.054000001,0.0546,0.0557,0.057700001,0.061299998,0.065899998,0.071800001,0.0801,0.089900002,0.103200004,0.122299999,0.145899996,0.174199998,0.206699997,0.241600007,0.279799998,0.32190001,0.367300004,0.41139999,0.424600005,0.423700005,0.421799988,0.420599997,0.4199,0.420599997,0.420399994,0.422199994,0.421200007,0.421900004,0.423599988,0.424699992,0.425900012,0.428000003,0.428499997,0.430599988,0.433099985,0.433699995,0.436800003,0.439799994,0.442000002,0.445600003,0.449800014,0.452199996,0.455900013,0.460000008,0.462599993,0.469000012,0.473800004,0.477699995,0.48120001,0.484800011,0.488400012,0.492300004,0.495400012,0.499300003,0.503199995,0.506500006,0.510999978,0.514800012,0.51789999
C4,0.053199999,0.0535,0.054099999,0.055300001,0.056699999,0.0583,0.0605,0.063100003,0.066100001,0.0691,0.071800001,0.074699998,0.078000002,0.081200004,0.084299996,0.086999997,0.090099998,0.092900001,0.095700003,0.100100003,0.103399999,0.107100002,0.111000001,0.1149,0.118000001,0.1219,0.124899998,0.128700003,0.132699996,0.137099996,0.140300006,0.142900005,0.144899994,0.146400005,0.1514,0.158800006,0.1743,0.195600003,0.222399995,0.251899987,0.282999992,0.309199989,0.306899995,0.309399992,0.311199993,0.312999994,0.315299988,0.319900006,0.323000014,0.324800014,0.326900005,0.330199987,0.332800001,0.334600002,0.338200003,0.341800004,0.344999999,0.347600013,0.349999994,0.351799995
C5,0.051399998,0.0513,0.051899999,0.0526,0.053800002,0.055799998,0.0592,0.0634,0.069399998,0.077600002,0.088200003,0.100900002,0.116999999,0.137799993,0.161799997,0.188999996,0.222000003,0.261000007,0.307700008,0.359400004,0.419800013,0.479400009,0.518100023,0.504499972,0.499300003,0.496600002,0.494599998,0.493900001,0.493800014,0.495000005,0.495099992,0.496100008,0.496899992,0.497799993,0.499900013,0.500899971,0.502300024,0.503499985,0.505599976,0.507300019,0.50910002,0.511699975,0.513199985,0.514599979,0.51700002,0.518700004,0.521000028,0.523800015,0.527499974,0.530099988,0.535000026,0.538600028,0.542200029,0.545000017,0.547800004,0.550400019,0.553499997,0.556200027,0.558799982,0.561800003
C6,0.053199999,0.052700002,0.054099999,0.056299999,0.0594,0.064099997,0.069200002,0.076899998,0.086099997,0.101099998,0.118100002,0.135499999,0.156200007,0.181799993,0.211899996,0.244000003,0.280099988,0.321399987,0.366100013,0.406100005,0.402700007,0.405000001,0.407000005,0.409399986,0.4111,0.412999988,0.414099991,0.416099995,0.417400002,0.419800013,0.42019999,0.422199994,0.425000012,0.428600013,0.434100002,0.43599999,0.441300005,0.448300004,0.451999992,0.456999987,0.463,0.467900008,0.471700013,0.478899986,0.484600008,0.487699986,0.495299995,0.503199995,0.509800017,0.514400005,0.518599987,0.524500012,0.531499982,0.536000013,0.542100012,0.548900008,0.555599988,0.561600029,0.567799985,0.573000014
C7,0.0548,0.055799998,0.057500001,0.059700001,0.0634,0.068999998,0.075800002,0.085000001,0.096600004,0.111900002,0.131999999,0.155100003,0.180199996,0.209399998,0.243699998,0.280400008,0.323100001,0.369899988,0.412600011,0.418599993,0.415800005,0.414299995,0.412800014,0.412200004,0.41139999,0.412,0.4111,0.4111,0.411199987,0.412400007,0.413199991,0.414099991,0.414200008,0.416799992,0.418900013,0.419499993,0.421799988,0.423999995,0.425799996,0.430400014,0.433499992,0.436699986,0.440899998,0.443599999,0.447400004,0.450599998,0.456,0.459600002,0.464100003,0.467700005,0.47209999,0.475100011,0.477800012,0.480300009,0.48300001,0.487500012,0.4921,0.494300008,0.497399986,0.500899971
C8,0.055199999,0.054499999,0.0561,0.058499999,0.061900001,0.066799998,0.0735,0.083300002,0.095399998,0.110299997,0.128600001,0.149499997,0.174500003,0.202900007,0.236699998,0.273499995,0.315100014,0.362599999,0.407499999,0.421799988,0.422699988,0.421400011,0.420899987,0.41960001,0.421000004,0.420100003,0.421099991,0.4208,0.423000008,0.423299998,0.425199986,0.426099986,0.428499997,0.430900007,0.433400005,0.436100006,0.439799994,0.445199996,0.448000014,0.452199996,0.457300007,0.462300003,0.465000004,0.469599992,0.474599987,0.477600008,0.482899994,0.487899989,0.4912,0.496899992,0.500500023,0.504800022,0.508300006,0.513400018,0.517400026,0.523299992,0.526199996,0.532299995,0.536899984,0.543099999
C9,0.054299999,0.0548,0.056400001,0.058800001,0.0616,0.066500001,0.071599998,0.080300003,0.089400001,0.100299999,0.115000002,0.129199997,0.148000002,0.171000004,0.201800004,0.233700007,0.269199997,0.305799991,0.337599993,0.386000007,0.386599988,0.384200007,0.385199994,0.3838,0.385199994,0.384000003,0.386099994,0.384200007,0.386700004,0.388399988,0.391000003,0.389400005,0.391600013,0.392100006,0.396200001,0.397500008,0.40110001,0.403499991,0.408800006,0.415499985,0.420300007,0.426299989,0.428600013,0.434799999,0.437599987,0.437000006,0.446500003,0.449099988,0.451499999,0.459600002,0.460900009,0.466500014,0.469700009,0.476399988,0.481700003,0.486799985,0.493999988,0.50029999,0.50819999,0.511200011
C10,0.054900002,0.054499999,0.056200001,0.059,0.062399998,0.067400001,0.0744,0.084600002,0.0964,0.111900002,0.132699996,0.156200007,0.183699995,0.212599993,0.247700006,0.284200013,0.326999992,0.373100013,0.419400007,0.430900007,0.431899995,0.430200011,0.428499997,0.42809999,0.426800013,0.428000003,0.426600009,0.428000003,0.425999999,0.42930001,0.42899999,0.431499988,0.431899995,0.431800008,0.433499992,0.434100002,0.437000006,0.439999998,0.439900011,0.442099988,0.446200013,0.446399987,0.452399999,0.455199987,0.457500011,0.46450001,0.466399997,0.469500005,0.47330001,0.475699991,0.479400009,0.481099993,0.486000001,0.487300009,0.489399999,0.493600011,0.496600002,0.499599993,0.502099991,0.505200028
C11,0.056499999,0.0559,0.057799999,0.0605,0.064400002,0.068899997,0.076899998,0.0858,0.096699998,0.111500002,0.129800007,0.150700003,0.176300004,0.205899999,0.238299996,0.276199996,0.318100005,0.362899989,0.404500008,0.406399995,0.405299991,0.403499991,0.403400004,0.40290001,0.402799994,0.402399987,0.403600007,0.403600007,0.403600007,0.405099988,0.406199992,0.406899989,0.4102,0.410100013,0.412900001,0.414799988,0.417199999,0.420700014,0.424699992,0.426600009,0.432000011,0.436800003,0.442600012,0.446999997,0.450599998,0.453500003,0.458200008,0.462399989,0.465299994,0.467700005,0.471500009,0.475300014,0.478500009,0.4815,0.485100001,0.488599986,0.490099996,0.495299995,0.497799993,0.501399994
C12,0.0546,0.054900002,0.056899998,0.059599999,0.0638,0.068700001,0.076300003,0.085199997,0.095299996,0.108599998,0.126100004,0.1461,0.170000002,0.199000001,0.231800005,0.270399988,0.3125,0.35620001,0.397300005,0.412200004,0.408300012,0.408899993,0.407799989,0.404300004,0.408399999,0.404599994,0.408100009,0.407900006,0.4102,0.409999996,0.409299999,0.412900001,0.412900001,0.416599989,0.414799988,0.419099987,0.420399994,0.420700014,0.426800013,0.428200006,0.4278,0.433800012,0.438800007,0.438600004,0.444700003,0.450800002,0.453000009,0.458000004,0.461699992,0.462500006,0.467799991,0.471500009,0.473699987,0.477499992,0.481099993,0.486000001,0.488200009,0.488900006,0.492399991,0.496399999
D1,0.055,0.0559,0.057599999,0.0601,0.064000003,0.0682,0.074199997,0.081900001,0.090899996,0.1039,0.121100001,0.141200006,0.167099997,0.195700005,0.224600002,0.261900008,0.301499993,0.344500005,0.383399993,0.387800008,0.388300002,0.387499988,0.386000007,0.384900004,0.384900004,0.386799991,0.387300014,0.387300014,0.388599992,0.389999986,0.390599996,0.39199999,0.393000007,0.394600004,0.395999998,0.398499995,0.40169999,0.403800011,0.405200005,0.408499986,0.412099987,0.414099991,0.419,0.424299985,0.427899987,0.433899999,0.437400013,0.442699999,0.443699986,0.44600001,0.449999988,0.455300003,0.457800001,0.459100008,0.462700009,0.468300015,0.471700013,0.476500005,0.479400009,0.482600003
D2,0.053100001,0.054299999,0.055,0.056699999,0.059099998,0.063100003,0.067299999,0.073700003,0.082099997,0.091899998,0.105599999,0.123199999,0.144500002,0.170100003,0.199599996,0.235599995,0.273499995,0.314099997,0.358799994,0.398099989,0.399699986,0.397399992,0.395599991,0.394300014,0.394499987,0.395300001,0.394800007,0.395000011,0.395500004,0.396400005,0.396800011,0.397599995,0.397700012,0.399100006,0.398999989,0.401199996,0.402700007,0.404500008,0.405200005,0.407000005,0.409500003,0.411500007,0.414299995,0.417899996,0.42050001,0.425099999,0.4278,0.432999998,0.4366,0.439900011,0.444299996,0.447699994,0.450899988,0.453399986,0.45660001,0.460799992,0.464300007,0.468499988,0.472000003,0.474299997
D3,0.054900002,0.0557,0.056899998,0.058899999,0.0625,0.066399999,0.071999997,0.080200002,0.089199997,0.0999,0.115900002,0.1329,0.153799996,0.179000005,0.2086,0.244800001,0.281699985,0.323700011,0.364899993,0.383899987,0.383399993,0.38319999,0.382200003,0.381000012,0.379900008,0.382499993,0.380400002,0.381900012,0.382800013,0.38350001,0.385100007,0.385800004,0.386900008,0.391400009,0.392199993,0.396200001,0.398299992,0.40200001,0.402200013,0.406100005,0.412999988,0.417499989,0.421400011,0.42719999,0.429800004,0.4366,0.438899994,0.440299988,0.443300009,0.4472,0.449699998,0.453999996,0.458799988,0.458099991,0.461400002,0.468300015,0.472799987,0.480399996,0.483799994,0.486000001
D4,0.0539,0.0537,0.0548,0.0568,0.0592,0.0634,0.067699999,0.073299997,0.0823,0.092299998,0.104999997,0.119800001,0.135499999,0.152500004,0.172900006,0.200399995,0.229000002,0.260199994,0.297300011,0.337099999,0.372500002,0.372799993,0.371300012,0.369399995,0.369599998,0.369899988,0.369500011,0.369399995,0.370200008,0.372000009,0.371100008,0.372799993,0.373299986,0.377000004,0.378199995,0.380199999,0.381500006,0.384000003,0.385399997,0.388200015,0.392699987,0.395900011,0.402200013,0.407299995,0.40990001,0.417199999,0.419699997,0.422199994,0.426600009,0.428299993,0.432599992,0.4366,0.438899994,0.440600008,0.444700003,0.449400008,0.452800006,0.458400011,0.461400002,0.462300003
D5,0.054900002,0.055500001,0.056600001,0.059300002,0.0634,0.067699999,0.073299997,0.0814,0.090499997,0.102200001,0.118600003,0.136199996,0.157399997,0.182999998,0.208299994,0.242500007,0.274300009,0.312700003,0.350100011,0.361900002,0.363999993,0.364800006,0.36500001,0.361999989,0.363000005,0.3653,0.363499999,0.3653,0.3662,0.368099988,0.367000014,0.368900001,0.370200008,0.377600014,0.377299994,0.381799996,0.381900012,0.387400001,0.388599992,0.392500013,0.400599986,0.404399991,0.407299995,0.41139999,0.413700014,0.420899987,0.424400002,0.424800009,0.428799987,0.433600008,0.434599996,0.4375,0.440499991,0.439500004,0.444499999,0.450300008,0.451200008,0.458900005,0.463400006,0.461400002
D6,0.057599999,0.057799999,0.059799999,0.063699998,0.068800002,0.074699998,0.082500003,0.0898,0.103,0.112300001,0.1241,0.140200004,0.161699995,0.186900005,0.215900004,0.251899987,0.294400007,0.340000004,0.406100005,0.392500013,0.400200009,0.404900014,0.405200005,0.405699998,0.406599998,0.409399986,0.405600011,0.409200013,0.409799993,0.4111,0.412400007,0.414000005,0.414499998,0.418500006,0.4199,0.420899987,0.424299985,0.42899999,0.430200011,0.434100002,0.441199988,0.447600007,0.452600002,0.458600014,0.463499993,0.471899986,0.475400001,0.479400009,0.485199988,0.49149999,0.494300008,0.501600027,0.507300019,0.508599997,0.515200019,0.524200022,0.528699994,0.537800014,0.54339999,0.546500027
D7,0.055,0.054900002,0.056899998,0.058800001,0.063000001,0.066200003,0.070600003,0.075599998,0.082000002,0.093400002,0.101300001,0.111100003,0.119199999,0.135399997,0.156800002,0.185399994,0.213499993,0.244800001,0.28670001,0.335599989,0.361600012,0.364100009,0.370000005,0.373699993,0.376899987,0.380600005,0.383300006,0.384000003,0.385899991,0.386500001,0.384200007,0.386299998,0.387199998,0.39230001,0.395000011,0.390399992,0.386099994,0.383300006,0.379099995,0.381199986,0.385800004,0.387400001,0.393099993,0.398400009,0.40169999,0.413300008,0.41960001,0.423599988,0.431899995,0.442799985,0.44780001,0.45570001,0.463800013,0.466600001,0.476200014,0.486999989,0.492700011,0.504599988,0.510900021,0.513999999
D8,0.054400001,0.054900002,0.056699999,0.059799999,0.064099997,0.068899997,0.072499998,0.076300003,0.087399997,0.0964,0.100599997,0.107299998,0.1215,0.134800002,0.153799996,0.181799993,0.211899996,0.259200007,0.305900007,0.345400006,0.371499985,0.380899996,0.381399989,0.382800013,0.380600005,0.380899996,0.380899996,0.383399993,0.38409999,0.391499996,0.39230001,0.39320001,0.392199993,0.391600013,0.395099998,0.399800003,0.406399995,0.411199987,0.415699989,0.421299994,0.42719999,0.432999998,0.440499991,0.4463,0.450500011,0.459300011,0.465000004,0.469599992,0.476399988,0.481099993,0.489600003,0.495099992,0.503199995,0.5079,0.514400005,0.521099985,0.527800024,0.5352,0.541700006,0.546700001
D9,0.0535,0.054099999,0.055199999,0.057,0.059700001,0.063900001,0.067100003,0.072700001,0.081100002,0.091600001,0.104400001,0.119900003,0.136399999,0.1567,0.180500001,0.210999995,0.241999999,0.278100014,0.317900002,0.355399996,0.360799998,0.354499996,0.356099993,0.353399992,0.352600008,0.352800012,0.351799995,0.352200001,0.352600008,0.351900011,0.352999985,0.353799999,0.354099989,0.35620001,0.355800003,0.358399987,0.359299988,0.363299996,0.363200009,0.367599994,0.371399999,0.374300003,0.379799992,0.385199994,0.386700004,0.3935,0.399399996,0.400900006,0.402500004,0.406500012,0.409000009,0.412299991,0.415199995,0.416900009,0.42050001,0.423400015,0.426600009,0.429699987,0.434300005,0.434799999
D10,0.057700001,0.058800001,0.061799999,0.065300003,0.068800002,0.074600004,0.082999997,0.090899996,0.1008,0.113600001,0.128600001,0.146500006,0.167899996,0.191599995,0.217600003,0.251899987,0.287299991,0.3204,0.333000004,0.333099991,0.333400011,0.334699988,0.333400011,0.333700001,0.332599998,0.333600014,0.334300011,0.333999991,0.336100012,0.337199986,0.337300003,0.339399993,0.339599997,0.344999999,0.344700009,0.349000007,0.351300001,0.354699999,0.357899994,0.362399995,0.367599994,0.372299999,0.378300011,0.381999999,0.386900008,0.391600013,0.393400013,0.397700012,0.399800003,0.40259999,0.404799998,0.410699993,0.414000005,0.415100008,0.4208,0.423299998,0.427300006,0.431699991,0.435799986,0.43599999
D11,0.0592,0.059,0.062199999,0.067500003,0.072899997,0.077699997,0.086099997,0.093699999,0.105599999,0.116099998,0.131200001,0.149100006,0.168799996,0.193200007,0.219500005,0.251300007,0.288500011,0.330500007,0.369899988,0.383599997,0.382600009,0.383599997,0.384799987,0.3838,0.386700004,0.388500005,0.39230001,0.394699991,0.398900002,0.403899997,0.406699985,0.411199987,0.414400011,0.42019999,0.423900008,0.427899987,0.433099985,0.442200005,0.445600003,0.454899997,0.460999995,0.465499997,0.476099998,0.481599987,0.486400008,0.493299991,0.498899996,0.505800009,0.510599971,0.515399992,0.520600021,0.526300013,0.529999971,0.534399986,0.539600015,0.546899974,0.550999999,0.557099998,0.562300026,0.565500021
D12,0.057399999,0.057799999,0.058800001,0.0614,0.065300003,0.0691,0.075300001,0.082699999,0.090099998,0.100199997,0.112300001,0.127000004,0.145899996,0.167999998,0.191799998,0.219300002,0.252400011,0.289900005,0.326999992,0.344900012,0.347600013,0.347799987,0.349299997,0.351000011,0.351999998,0.357499987,0.360500008,0.365200013,0.368099988,0.373600006,0.379000008,0.381399989,0.388999999,0.395799994,0.401800007,0.409700006,0.422300011,0.428900003,0.434700012,0.440400004,0.448300004,0.452100009,0.462900013,0.472600013,0.476000011,0.483399987,0.485799998,0.496399999,0.50029999,0.505500019,0.50999999,0.516300023,0.523999989,0.526199996,0.528599977,0.537400007,0.541000009,0.547800004,0.55369997,0.557699978
E1,0.056000002,0.056299999,0.057399999,0.059799999,0.0634,0.068000004,0.074500002,0.084399998,0.096299998,0.112300001,0.132799998,0.156299993,0.185599998,0.219400004,0.257299989,0.299899995,0.345499992,0.391299993,0.434599996,0.4454,0.443800002,0.440800011,0.441399992,0.439099997,0.439099997,0.439200014,0.4384,0.438800007,0.442000002,0.441599995,0.443599999,0.444799989,0.4463,0.447400004,0.450700015,0.453799993,0.458299994,0.4648,0.471500009,0.476700008,0.479400009,0.486999989,0.48969999,0.492599994,0.497900009,0.499599993,0.503199995,0.507200003,0.511600018,0.511200011,0.514599979,0.517499983,0.519999981,0.521300018,0.525200009,0.528199971,0.530700028,0.535300016,0.538900018,0.541100025
E2,0.0537,0.054099999,0.054299999,0.055199999,0.0594,0.060600001,0.062899999,0.066500001,0.069600001,0.076200001,0.084200002,0.093099996,0.104599997,0.116800003,0.131999999,0.150999993,0.174400002,0.200100005,0.228,0.260199994,0.294999987,0.328700006,0.329400003,0.325800002,0.323599994,0.323700011,0.322899997,0.32280001,0.32159999,0.322299987,0.321200013,0.323399991,0.324699998,0.324499995,0.326999992,0.327800006,0.331499994,0.333900005,0.33860001,0.343100011,0.348500013,0.352100015,0.355800003,0.359299988,0.363900006,0.36649999,0.371399999,0.375,0.378300011,0.381399989,0.385800004,0.388300002,0.393700004,0.396299988,0.398900002,0.403200001,0.408100009,0.412699997,0.416200012,0.418500006
E3,0.054299999,0.054499999,0.055199999,0.058699999,0.059900001,0.064000003,0.068300001,0.0744,0.082999997,0.093000002,0.105899997,0.121699996,0.139400005,0.161300004,0.186399996,0.216600001,0.250099987,0.288800001,0.330300003,0.364199996,0.373199999,0.371300012,0.369800001,0.366400003,0.367900014,0.368099988,0.370999992,0.3662,0.365799993,0.368299991,0.367799997,0.369300008,0.369199991,0.371800005,0.370400012,0.373699993,0.3741,0.373800009,0.378899992,0.378500015,0.381900012,0.387800008,0.394600004,0.395900011,0.400700003,0.401800007,0.405999988,0.411900014,0.412400007,0.412900001,0.416599989,0.419499993,0.423400015,0.425099999,0.427300006,0.432300001,0.433499992,0.434500009,0.4375,0.439999998
E4,0.0557,0.056000002,0.0572,0.058899999,0.061999999,0.065800004,0.071500003,0.0792,0.088299997,0.099100001,0.112000003,0.127700001,0.1461,0.167600006,0.193499997,0.221599996,0.254999995,0.291200012,0.324400008,0.338800013,0.334699988,0.333999991,0.331400007,0.329899997,0.33129999,0.33039999,0.33070001,0.328500003,0.327300012,0.330199987,0.327499986,0.330900013,0.331499994,0.331499994,0.333900005,0.337199986,0.339700013,0.340799987,0.346899986,0.351099998,0.355800003,0.358500004,0.363499999,0.365099996,0.369300008,0.372500002,0.37439999,0.378600001,0.382800013,0.381900012,0.383700013,0.387800008,0.391200006,0.391299993,0.394300014,0.399100006,0.401800007,0.404000014,0.405099988,0.406399995
E5,0.0548,0.055199999,0.056499999,0.058499999,0.061799999,0.066699997,0.072300002,0.079899997,0.090499997,0.100900002,0.114799999,0.133699998,0.156599998,0.182799995,0.214100003,0.247299999,0.287699997,0.329299986,0.377600014,0.398499995,0.396600008,0.398499995,0.398400009,0.398900002,0.400099993,0.401899993,0.40169999,0.403499991,0.402500004,0.404799998,0.404799998,0.406300008,0.409500003,0.412200004,0.414700001,0.416799992,0.419499993,0.424299985,0.427599996,0.430400014,0.434899986,0.438499987,0.444099993,0.449499995,0.453999996,0.458799988,0.463499993,0.467799991,0.4727,0.477699995,0.481000006,0.486600012,0.491299987,0.496100008,0.500999987,0.505999982,0.511200011,0.516099989,0.521600008,0.526000023
E6,0.056200001,0.056299999,0.057799999,0.059999999,0.063900001,0.068599999,0.075599998,0.085500002,0.0973,0.112199999,0.131200001,0.153699994,0.181199998,0.2139,0.249400005,0.288100004,0.332700014,0.377700001,0.415800005,0.412999988,0.41049999,0.409000009,0.408199996,0.407400012,0.406100005,0.406399995,0.406300008,0.407299995,0.408199996,0.407200009,0.409000009,0.410899997,0.412099987,0.412299991,0.414799988,0.415800005,0.418099999,0.420100003,0.423299998,0.425399989,0.428200006,0.433499992,0.435699999,0.441799998,0.444700003,0.448300004,0.453999996,0.457599998,0.461899996,0.463999987,0.468400002,0.471700013,0.474299997,0.477200001,0.480500013,0.483999997,0.488900006,0.49059999,0.493699998,0.497700006
E7,0.058699999,0.057799999,0.058699999,0.0616,0.065800004,0.070299998,0.078100003,0.087800004,0.099299997,0.114200003,0.131500006,0.151899993,0.175400004,0.202900007,0.233199999,0.267699987,0.305900007,0.34889999,0.381199986,0.37470001,0.372500002,0.371499985,0.370900005,0.368800014,0.367500007,0.369100004,0.36649999,0.3671,0.368099988,0.366400003,0.368099988,0.371300012,0.370299995,0.372799993,0.373199999,0.37349999,0.377099991,0.377799988,0.381399989,0.383599997,0.386400014,0.3917,0.39230001,0.397399992,0.400000006,0.403299987,0.409399986,0.411799997,0.417100012,0.415899992,0.421600014,0.424600005,0.427899987,0.428499997,0.431800008,0.435499996,0.442499995,0.442799985,0.444499999,0.449400008
E8,0.057700001,0.058800001,0.059500001,0.061500002,0.064800002,0.0691,0.074900001,0.082800001,0.093599997,0.106799997,0.124399997,0.141299993,0.160300002,0.184900001,0.212899998,0.243599996,0.279700011,0.320300013,0.358599991,0.362300009,0.359299988,0.35800001,0.355199993,0.3565,0.353399992,0.354200006,0.351700008,0.353199989,0.350800008,0.351099998,0.3495,0.354499996,0.354400009,0.352800012,0.3565,0.356299996,0.358200014,0.361400008,0.363400012,0.36590001,0.372099996,0.3759,0.379200011,0.383700013,0.385399997,0.390300006,0.393000007,0.396400005,0.400299996,0.400700003,0.405200005,0.408600003,0.412400007,0.413399994,0.417600006,0.422199994,0.426899999,0.431499988,0.433099985,0.435900003
E9,0.057799999,0.059099998,0.059999999,0.062100001,0.066500001,0.0713,0.078699999,0.089299999,0.103399999,0.119099997,0.139699996,0.163200006,0.191,0.2227,0.258399993,0.298200011,0.342000008,0.385800004,0.407299995,0.404100001,0.402999997,0.399699986,0.4005,0.398999989,0.397799999,0.398499995,0.398699999,0.398400009,0.400400013,0.400099993,0.401300013,0.402500004,0.404300004,0.403600007,0.406599998,0.407099992,0.410699993,0.412999988,0.416200012,0.418900013,0.421099991,0.427899987,0.430999994,0.436399996,0.439399987,0.441700011,0.44659999,0.450100005,0.453500003,0.453500003,0.457199991,0.459699988,0.462599993,0.465900004,0.467500001,0.469999999,0.473800004,0.476200014,0.479299992,0.481400013
E10,0.061099999,0.061000001,0.0623,0.065899998,0.070900001,0.077200003,0.087300003,0.098999999,0.110299997,0.124399997,0.141599998,0.160699993,0.184499994,0.214699998,0.245299995,0.282700002,0.324600011,0.369100004,0.399199992,0.395999998,0.39289999,0.391299993,0.390399992,0.389499992,0.389899999,0.388999999,0.390799999,0.389899999,0.390399992,0.391200006,0.39199999,0.393400013,0.393999994,0.397399992,0.397700012,0.400000006,0.400999993,0.404300004,0.407099992,0.409500003,0.411199987,0.417100012,0.41929999,0.422699988,0.426600009,0.429199994,0.435099989,0.440299988,0.444499999,0.4454,0.448900014,0.453200012,0.455300003,0.458799988,0.462399989,0.465299994,0.468499988,0.471599996,0.474400014,0.477699995
E11,0.0581,0.0594,0.0603,0.0638,0.0682,0.073700003,0.082699999,0.092799999,0.106299996,0.119900003,0.136700004,0.157100007,0.181400001,0.206499994,0.241099998,0.277200013,0.314900011,0.356900007,0.374500006,0.374799997,0.371499985,0.373199999,0.370900005,0.369199991,0.367700011,0.370999992,0.367500007,0.370400012,0.370400012,0.371899992,0.373600006,0.378399998,0.377999991,0.378699988,0.3829,0.3838,0.3926,0.393400013,0.396800011,0.401800007,0.407099992,0.409799993,0.412200004,0.416099995,0.419499993,0.425099999,0.426899999,0.431899995,0.43779999,0.4384,0.442200005,0.446099997,0.450899988,0.454400003,0.457700014,0.462000012,0.468400002,0.471300006,0.474700004,0.478300005
E12,0.059799999,0.0612,0.0647,0.069700003,0.075000003,0.083899997,0.096100003,0.1087,0.124499999,0.144500002,0.166600004,0.192000002,0.2236,0.256700009,0.296099991,0.335399985,0.381099999,0.421400011,0.428000003,0.424600005,0.423000008,0.41960001,0.41960001,0.42019999,0.418300003,0.41960001,0.419400007,0.419699997,0.418300003,0.42050001,0.4208,0.421700001,0.424100012,0.423599988,0.426200002,0.425700009,0.427399993,0.430700004,0.432700008,0.433499992,0.435799986,0.440699995,0.443399996,0.449600011,0.452899992,0.455199987,0.461499989,0.463800013,0.467500001,0.469300002,0.471100003,0.474099994,0.478199989,0.480100006,0.48210001,0.486400008,0.489800006,0.493600011,0.496600002,0.498400003
F1,0.056200001,0.057399999,0.058699999,0.060899999,0.064800002,0.068499997,0.074900001,0.084200002,0.092799999,0.105599999,0.117700003,0.133000001,0.152199998,0.174600005,0.200100005,0.226500005,0.256799996,0.292499989,0.326200008,0.340000004,0.341100007,0.337900013,0.335299999,0.336199999,0.333900005,0.334800005,0.333400011,0.334600002,0.335200012,0.336199999,0.339300007,0.340000004,0.342400014,0.346500009,0.349299997,0.354699999,0.356700003,0.363099992,0.369300008,0.371800005,0.377400011,0.381099999,0.38409999,0.388399988,0.39320001,0.39379999,0.399800003,0.403200001,0.405400008,0.409500003,0.412999988,0.416700006,0.420899987,0.424699992,0.429399997,0.434500009,0.43779999,0.440899998,0.444200009,0.44749999
F2,0.055300001,0.056000002,0.0572,0.059,0.061500002,0.065099999,0.070200004,0.0801,0.089599997,0.103699997,0.115099996,0.131400004,0.149499997,0.173899993,0.203899994,0.236000001,0.272500008,0.317999989,0.359699994,0.392800003,0.393599987,0.389899999,0.388599992,0.387400001,0.387800008,0.387699991,0.387100011,0.387300014,0.389899999,0.391400009,0.39320001,0.395900011,0.397300005,0.403200001,0.405099988,0.40990001,0.4111,0.415800005,0.420899987,0.423700005,0.431899995,0.435799986,0.440299988,0.444099993,0.450399995,0.449900001,0.455799997,0.460399985,0.463699996,0.467599988,0.472499996,0.476099998,0.4815,0.485799998,0.49090001,0.496699989,0.499799997,0.505299985,0.507200003,0.511300027
F3,0.055500001,0.056699999,0.059099998,0.060800001,0.065800004,0.069200002,0.075499997,0.086599998,0.098800004,0.113300003,0.128000006,0.147499993,0.171499997,0.199499995,0.232099995,0.267100006,0.305700004,0.355300009,0.392699987,0.411300004,0.413800001,0.412400007,0.407999992,0.407799989,0.406500012,0.407900006,0.407599986,0.407799989,0.406399995,0.408800006,0.409099996,0.412600011,0.412299991,0.417899996,0.419499993,0.423900008,0.424499989,0.426499993,0.430500001,0.434700012,0.443399996,0.445499986,0.447899997,0.451000005,0.454699993,0.45480001,0.461499989,0.463099986,0.46540001,0.470200002,0.470800012,0.471100003,0.478199989,0.478700012,0.481299996,0.487199992,0.489499986,0.492900014,0.496399999,0.49970001
F4,0.056600001,0.057100002,0.060400002,0.0616,0.0656,0.069799997,0.079000004,0.090400003,0.102200001,0.119999997,0.134000003,0.154599994,0.178399995,0.207200006,0.239299998,0.266499996,0.302599996,0.348500013,0.383700013,0.407200009,0.409999996,0.403600007,0.399699986,0.398499995,0.398799986,0.398799986,0.398600012,0.400599986,0.398600012,0.40290001,0.40259999,0.405400008,0.406500012,0.41080001,0.413899988,0.418000013,0.41870001,0.423400015,0.424899995,0.426400006,0.43720001,0.438899994,0.4454,0.447400004,0.455199987,0.449699998,0.461600006,0.462799996,0.462199986,0.467599988,0.469999999,0.471199989,0.479000002,0.480599999,0.485100001,0.490399987,0.492500007,0.497599989,0.49970001,0.504100025
F5,0.055,0.055500001,0.057999998,0.0603,0.065099999,0.070200004,0.077299997,0.088699996,0.1008,0.112300001,0.123000003,0.138500005,0.156299993,0.179499999,0.206499994,0.235599995,0.266400009,0.313499987,0.345499992,0.387499988,0.388099998,0.386900008,0.387499988,0.387199998,0.386299998,0.386200011,0.384299994,0.386900008,0.38409999,0.384900004,0.385100007,0.386400014,0.385500014,0.391200006,0.393000007,0.402799994,0.40079999,0.402799994,0.405000001,0.40200001,0.410600007,0.413599998,0.421600014,0.426299989,0.435200006,0.436800003,0.452699989,0.457399994,0.464100003,0.472499996,0.479000002,0.485000014,0.492700011,0.49970001,0.507600009,0.517400026,0.523800015,0.528500021,0.538399994,0.544099987
F6,0.057500001,0.058699999,0.0614,0.064800002,0.070699997,0.0766,0.0845,0.100599997,0.104099996,0.115199998,0.119800001,0.136999995,0.156299993,0.182600006,0.208299994,0.246900007,0.287800014,0.327300012,0.396400005,0.400000006,0.416200012,0.420700014,0.422800004,0.42719999,0.431600004,0.432399988,0.431400001,0.433899999,0.434399992,0.436300009,0.441100001,0.442900002,0.44569999,0.453900009,0.461299986,0.467099994,0.473399997,0.480199993,0.488400012,0.495599985,0.501900017,0.510399997,0.51849997,0.526600003,0.53549999,0.540099978,0.546899974,0.557099998,0.56400001,0.570299983,0.577000022,0.586199999,0.590499997,0.597000003,0.604499996,0.611999989,0.615499973,0.622099996,0.62559998,0.630900025
F7,0.060600001,0.0616,0.066500001,0.068800002,0.0766,0.082199998,0.0942,0.109700002,0.124600001,0.143900007,0.1646,0.190500006,0.215700001,0.243599996,0.280900002,0.321500003,0.36590001,0.413300008,0.432200015,0.428200006,0.428000003,0.42719999,0.423700005,0.423700005,0.425300002,0.426299989,0.424499989,0.428299993,0.425700009,0.42930001,0.430900007,0.432900012,0.433200002,0.438800007,0.440499991,0.443899989,0.4463,0.448500007,0.453900009,0.458400011,0.465000004,0.466399997,0.472200006,0.4736,0.476500005,0.476999998,0.481900007,0.484699994,0.487699986,0.491299987,0.493000001,0.493099988,0.498100013,0.50059998,0.502099991,0.5079,0.50999999,0.513400018,0.515299976,0.51910001
F8,0.0561,0.057500001,0.059500001,0.0625,0.066,0.071800001,0.081100002,0.093400002,0.107199997,0.127000004,0.148399994,0.172000006,0.198300004,0.230000004,0.263700008,0.300999999,0.342700005,0.387800008,0.424800009,0.41960001,0.42019999,0.416399986,0.412299991,0.413899988,0.412999988,0.413899988,0.4111,0.416299999,0.413700014,0.416799992,0.41870001,0.421700001,0.421999991,0.426099986,0.431600004,0.435499996,0.434500009,0.441799998,0.4463,0.446799994,0.454699993,0.457199991,0.462099999,0.464399993,0.467700005,0.467599988,0.474099994,0.477400005,0.478500009,0.481700003,0.485599995,0.487300009,0.492300004,0.494500011,0.497099996,0.502600014,0.504199982,0.510999978,0.510100007,0.514699996
F9,0.056000002,0.057599999,0.061700001,0.065099999,0.066500001,0.076300003,0.079700001,0.093599997,0.106700003,0.131899998,0.154599994,0.182099998,0.211899996,0.246299997,0.284000009,0.3292,0.373299986,0.421099991,0.470699996,0.466100007,0.467099994,0.460200012,0.463,0.459399998,0.461499989,0.460799992,0.461899996,0.461400002,0.464300007,0.464300007,0.467799991,0.468300015,0.471599996,0.473399997,0.475400001,0.478100002,0.482600003,0.486299992,0.490799993,0.498100013,0.500699997,0.505999982,0.510299981,0.516099989,0.519800007,0.52700001,0.530600011,0.533299983,0.538100004,0.541999996,0.548500001,0.550300002,0.55369997,0.559300005,0.563000023,0.567499995,0.5722,0.577400029,0.584999979,0.588400006
F10,0.054699998,0.054699998,0.056299999,0.058600001,0.062799998,0.068300001,0.075400002,0.087300003,0.100400001,0.118000001,0.138300002,0.162,0.189199999,0.221100003,0.255699992,0.296600014,0.343100011,0.393599987,0.438800007,0.444400012,0.442000002,0.441500008,0.438600004,0.438199997,0.438499987,0.438699991,0.4384,0.439599991,0.440200001,0.442299992,0.443199992,0.445300013,0.446700007,0.450500011,0.452399999,0.457700014,0.459899992,0.464100003,0.470200002,0.4745,0.478199989,0.482800007,0.486099988,0.489300013,0.494899988,0.498299986,0.50150001,0.506099999,0.509199977,0.512199998,0.516499996,0.521099985,0.524600029,0.529600024,0.534099996,0.538699985,0.543799996,0.548099995,0.552399993,0.555999994
F11,0.058800001,0.061799999,0.068599999,0.071800001,0.077799998,0.082999997,0.0977,0.109300002,0.127599999,0.140400007,0.159400001,0.185200006,0.215599999,0.247700006,0.286500007,0.329299986,0.372000009,0.417199999,0.437999994,0.440100014,0.436399996,0.435099989,0.435400009,0.431499988,0.434599996,0.433200002,0.432000011,0.434500009,0.433800012,0.437599987,0.437999994,0.440299988,0.442699999,0.441399992,0.446500003,0.449200004,0.453299999,0.45480001,0.458200008,0.461800009,0.467099994,0.469599992,0.475499988,0.483999997,0.484600008,0.491299987,0.493800014,0.497200012,0.501699984,0.504400015,0.510999978,0.513599992,0.514999986,0.521200001,0.525200009,0.529799998,0.533800006,0.538999975,0.543600023,0.546700001
F12,0.0515,0.0517,0.051800001,0.051899999,0.050999999,0.051100001,0.051199999,0.050999999,0.051100001,0.051100001,0.050900001,0.050700001,0.0506,0.0506,0.050500002,0.050700001,0.0506,0.050500002,0.0504,0.0504,0.050500002,0.0504,0.0504,0.0504,0.050500002,0.050500002,0.050299998,0.050299998,0.050299998,0.0504,0.050500002,0.050500002,0.0504,0.050299998,0.050500002,0.0504,0.0504,0.050500002,0.0504,0.0504,0.0504,0.0504,0.050500002,0.0504,0.050299998,0.050500002,0.050299998,0.050500002,0.050500002,0.050500002,0.0504,0.050500002,0.050299998,0.0504,0.050299998,0.050500002,0.050500002,0.0506,0.050500002,0.0506
G1,0.0539,0.054900002,0.056200001,0.058400001,0.062100001,0.066,0.071699999,0.0792,0.089100003,0.101300001,0.1153,0.132200003,0.151899993,0.174199998,0.195999995,0.221100003,0.251800001,0.28670001,0.323700011,0.352999985,0.350899994,0.355800003,0.35679999,0.3565,0.358999997,0.359400004,0.358900011,0.360900015,0.361299992,0.362699986,0.367000014,0.370799989,0.36680001,0.368600011,0.370000005,0.374900013,0.379200011,0.382200003,0.388900012,0.390899986,0.395200014,0.399100006,0.403699994,0.408899993,0.41080001,0.416900009,0.421400011,0.426800013,0.431100011,0.434399992,0.439999998,0.446399987,0.449499995,0.456499994,0.460399985,0.466500014,0.471100003,0.475899994,0.480800003,0.484499991
G2,0.054400001,0.0548,0.056299999,0.0592,0.063299999,0.067699999,0.073799998,0.080799997,0.090499997,0.103500001,0.1153,0.128000006,0.145999998,0.167099997,0.192399994,0.221300006,0.257299989,0.295700014,0.3389,0.377600014,0.385500014,0.3917,0.39410001,0.398000002,0.400999993,0.403899997,0.406800002,0.410600007,0.414200008,0.418500006,0.423099995,0.4278,0.434599996,0.440299988,0.447699994,0.453500003,0.461899996,0.467799991,0.473699987,0.48089999,0.487199992,0.492500007,0.499300003,0.506799996,0.513599992,0.520600021,0.527899981,0.534799993,0.541299999,0.549000025,0.555000007,0.562099993,0.569000006,0.577000022,0.58160001,0.589999974,0.597000003,0.603500009,0.611800015,0.622900009
G3,0.0561,0.058200002,0.059799999,0.062899999,0.066799998,0.071900003,0.080399998,0.091399997,0.104099996,0.120999999,0.139599994,0.161699995,0.187199995,0.215499997,0.247700006,0.285100013,0.326000005,0.366299987,0.405099988,0.4111,0.409500003,0.409999996,0.409399986,0.409299999,0.409700006,0.410299987,0.412099987,0.412600011,0.414400011,0.415899992,0.418000013,0.419699997,0.422199994,0.424100012,0.427100003,0.430099994,0.433099985,0.437099993,0.440800011,0.445499986,0.450300008,0.455199987,0.461199999,0.465600014,0.469999999,0.474999994,0.478899986,0.483500004,0.488400012,0.491699994,0.496399999,0.50059998,0.504700005,0.50940001,0.512700021,0.51819998,0.523400009,0.527499974,0.532899976,0.537599981
G4,0.0528,0.052999999,0.053800002,0.055199999,0.056299999,0.057999998,0.060199998,0.063000001,0.065800004,0.068400003,0.0704,0.0726,0.075300001,0.078599997,0.081900001,0.086099997,0.090099998,0.0942,0.097900003,0.101599999,0.104099996,0.107100002,0.109800003,0.112199999,0.114500001,0.117799997,0.121100001,0.125300005,0.131899998,0.140900001,0.156000003,0.176300004,0.2007,0.228699997,0.25909999,0.291500002,0.319000006,0.323799998,0.324699998,0.325300008,0.326700002,0.327199996,0.329299986,0.330900013,0.332199991,0.335000008,0.336199999,0.339300007,0.341600001,0.344099998,0.346399993,0.349099994,0.350800008,0.353399992,0.355199993,0.360500008,0.362899989,0.36559999,0.370000005,0.373699993
G5,0.050900001,0.0515,0.0517,0.0526,0.054000001,0.056499999,0.060199998,0.064900003,0.071500003,0.081299998,0.092799999,0.107799999,0.124899998,0.143800005,0.165800005,0.191,0.220400006,0.253399998,0.290600002,0.332700014,0.374599993,0.416000009,0.419800013,0.420399994,0.420100003,0.4208,0.421099991,0.422699988,0.424299985,0.425999999,0.4287,0.432799995,0.434199989,0.438600004,0.441000015,0.444599986,0.447699994,0.451599985,0.455599993,0.459399998,0.46329999,0.466899991,0.471599996,0.475699991,0.479999989,0.485599995,0.489600003,0.495200008,0.500500023,0.504999995,0.5097,0.514500022,0.518400013,0.522700012,0.52640003,0.530399978,0.534399986,0.538200021,0.541999996,0.545099974
G6,0.055799998,0.056699999,0.058899999,0.061900001,0.066799998,0.071999997,0.081100002,0.092399999,0.104199998,0.120800003,0.137199998,0.154599994,0.176599994,0.201800004,0.229599997,0.262800008,0.300700009,0.338699996,0.371399999,0.371399999,0.371300012,0.368600011,0.373299986,0.368800014,0.373400003,0.371800005,0.371600002,0.37470001,0.372900009,0.369700015,0.37650001,0.381999999,0.379799992,0.382600009,0.386799991,0.386900008,0.391799986,0.396600008,0.401499987,0.405200005,0.410899997,0.406599998,0.41139999,0.416599989,0.419499993,0.42899999,0.432700008,0.43689999,0.444200009,0.449900001,0.451700002,0.459199995,0.465299994,0.472200006,0.474299997,0.488499999,0.492399991,0.494300008,0.507700026,0.5176
G7,0.0561,0.057399999,0.059,0.0614,0.065300003,0.069799997,0.0779,0.0876,0.0999,0.115599997,0.131500006,0.151199996,0.1734,0.197799996,0.222800002,0.254900008,0.288399994,0.326299995,0.352999985,0.353899986,0.352299988,0.350400001,0.351300001,0.347499996,0.349700004,0.349099994,0.348500013,0.34920001,0.350899994,0.350699991,0.354200006,0.3574,0.357800007,0.361799985,0.365099996,0.3662,0.37349999,0.375499994,0.380600005,0.385500014,0.390399992,0.392199993,0.396800011,0.399500012,0.404500008,0.41049999,0.41170001,0.416599989,0.421299994,0.423700005,0.426299989,0.431899995,0.433600008,0.438800007,0.440200001,0.44569999,0.449999988,0.451999992,0.455900013,0.462599993
G8,0.056400001,0.057399999,0.059,0.0614,0.065099999,0.069399998,0.076800004,0.086099997,0.097999997,0.1118,0.126200005,0.1417,0.162799999,0.190099999,0.215100005,0.245900005,0.281100005,0.316599995,0.349000007,0.350800008,0.346799999,0.344500005,0.344999999,0.341699988,0.345600009,0.344399989,0.342700005,0.345499992,0.346100003,0.345999986,0.3495,0.354600012,0.354900002,0.35679999,0.362800002,0.362699986,0.366600007,0.374300003,0.376700014,0.380499989,0.386099994,0.385199994,0.391400009,0.395200014,0.397199988,0.402799994,0.405699998,0.408399999,0.413199991,0.416299999,0.417600006,0.423700005,0.425999999,0.431699991,0.432599992,0.440299988,0.444200009,0.447400004,0.451000005,0.457700014
G9,0.058200002,0.059,0.061500002,0.065700002,0.070699997,0.077,0.086400002,0.098700002,0.113300003,0.131899998,0.153200001,0.178499997,0.209199995,0.239800006,0.272599995,0.308899999,0.351200014,0.388900012,0.412099987,0.415699989,0.419,0.422600001,0.422300011,0.424899995,0.426600009,0.42809999,0.429199994,0.431100011,0.42899999,0.432000011,0.436300009,0.442400008,0.439300001,0.444299996,0.449699998,0.453399986,0.458600014,0.463800013,0.468899995,0.471700013,0.479699999,0.478599995,0.486299992,0.492500007,0.493600011,0.503099978,0.504700005,0.511500001,0.517499983,0.523599982,0.527400017,0.53609997,0.541299999,0.545400023,0.552200019,0.558499992,0.56400001,0.569400012,0.573400021,0.578499973
G10,0.0581,0.059,0.0612,0.0647,0.069600001,0.0757,0.086199999,0.098300003,0.113700002,0.133399993,0.154100001,0.177300006,0.206900001,0.239299998,0.274899989,0.314500004,0.362800002,0.409099996,0.439599991,0.434500009,0.432000011,0.432300001,0.429699987,0.432200015,0.429500014,0.431600004,0.432700008,0.432700008,0.433200002,0.437299997,0.437000006,0.434799999,0.440100014,0.441500008,0.444099993,0.44749999,0.450899988,0.453099996,0.456699997,0.460700005,0.462099999,0.470999986,0.475400001,0.478700012,0.483500004,0.484899998,0.488999993,0.491899997,0.495499998,0.498699993,0.501900017,0.504400015,0.508400023,0.511500001,0.516200006,0.518000007,0.521399975,0.525099993,0.528400004,0.531400025
G11,0.057500001,0.057799999,0.0605,0.0634,0.068499997,0.074100003,0.083499998,0.094999999,0.108999997,0.126399994,0.147599995,0.171000004,0.200100005,0.232600003,0.268299997,0.311500013,0.355300009,0.400200009,0.435099989,0.430599988,0.427300006,0.427100003,0.425199986,0.425300002,0.423900008,0.425799996,0.424299985,0.425599992,0.425199986,0.425599992,0.427399993,0.430099994,0.429199994,0.430099994,0.432599992,0.434300005,0.437400013,0.439099997,0.442299992,0.444099993,0.450500011,0.451400012,0.45660001,0.462000012,0.46540001,0.469000012,0.473500013,0.476799995,0.479299992,0.483099997,0.485700011,0.489600003,0.49180001,0.495700002,0.498400003,0.501900017,0.505400002,0.508400023,0.511900008,0.515200019
G12,0.059599999,0.061299998,0.064599998,0.069200002,0.075499997,0.083800003,0.095100001,0.107500002,0.1241,0.144500002,0.167600006,0.196199998,0.229100004,0.264800012,0.303600013,0.346599996,0.390199989,0.426899999,0.435099989,0.433800012,0.432200015,0.431600004,0.432000011,0.431899995,0.432500005,0.432999998,0.433499992,0.434199989,0.434599996,0.435299993,0.4375,0.438600004,0.43900001,0.440499991,0.442000002,0.443699986,0.446700007,0.448399991,0.450899988,0.453299999,0.456099987,0.457800001,0.461600006,0.464599997,0.466699988,0.471100003,0.475400001,0.479000002,0.481400013,0.484200001,0.487599999,0.490399987,0.492199987,0.495999992,0.497999996,0.501100004,0.503799975,0.505999982,0.509500027,0.511699975
H1,0.0581,0.060600001,0.063299999,0.067400001,0.071000002,0.078500003,0.087399997,0.098499998,0.111699998,0.126399994,0.142399997,0.162300006,0.180800006,0.204300001,0.231900007,0.264400005,0.298099995,0.3292,0.342900008,0.340799987,0.341899991,0.338400006,0.33860001,0.337599993,0.33860001,0.3398,0.338999987,0.342500001,0.341399997,0.342099994,0.349299997,0.350499988,0.350300014,0.354000002,0.358599991,0.365799993,0.369700015,0.379799992,0.380600005,0.38350001,0.387899995,0.391900003,0.395200014,0.399899989,0.403100014,0.407400012,0.414299995,0.415699989,0.422399998,0.428000003,0.429399997,0.436300009,0.441500008,0.4472,0.452600002,0.455599993,0.460900009,0.46360001,0.470499992,0.47389999
H2,0.055100001,0.056000002,0.0572,0.058899999,0.061900001,0.065899998,0.071599998,0.079599999,0.089400001,0.1021,0.1171,0.133300006,0.152099997,0.174199998,0.196999997,0.226899996,0.257999986,0.293000013,0.330500007,0.357499987,0.357300013,0.352299988,0.352999985,0.351399988,0.352899998,0.352499992,0.350199997,0.353100002,0.352899998,0.352499992,0.359899998,0.360300004,0.358700007,0.361099988,0.365099996,0.370099992,0.370700002,0.378600001,0.381300002,0.384900004,0.390599996,0.395700008,0.397399992,0.401800007,0.406399995,0.407299995,0.412499994,0.416700006,0.421099991,0.425700009,0.4278,0.434399992,0.43779999,0.441900015,0.44659999,0.447899997,0.453000009,0.455599993,0.458600014,0.460299999
H3,0.0594,0.061099999,0.063900001,0.067500003,0.071599998,0.078000002,0.087200001,0.0977,0.112499997,0.1259,0.142499998,0.162599996,0.180800006,0.202500001,0.229300007,0.262300014,0.296000004,0.33129999,0.347600013,0.34830001,0.344500005,0.343300015,0.340799987,0.339599997,0.3398,0.340499997,0.340200007,0.345200002,0.344999999,0.345899999,0.354299992,0.358599991,0.358399987,0.363200009,0.367799997,0.376300007,0.381000012,0.388500005,0.388300002,0.392500013,0.398799986,0.40200001,0.406100005,0.411000013,0.413599998,0.416500002,0.423200011,0.426200002,0.433299989,0.438899994,0.441599995,0.448100001,0.453599989,0.456699997,0.458499998,0.46360001,0.468899995,0.472200006,0.477200001,0.478799999
H4,0.0601,0.061500002,0.063699998,0.066799998,0.070600003,0.077399999,0.0858,0.095200002,0.108400002,0.122699998,0.1391,0.157199994,0.178499997,0.204600006,0.232899994,0.266799986,0.30430001,0.343199998,0.385399997,0.389899999,0.389699996,0.386900008,0.38530001,0.38499999,0.386900008,0.386999995,0.384200007,0.386700004,0.386999995,0.388599992,0.389800012,0.39289999,0.391799986,0.393400013,0.395799994,0.401199996,0.402999997,0.407700002,0.409999996,0.412699997,0.416099995,0.420599997,0.425999999,0.432900012,0.435200006,0.437900007,0.444400012,0.44690001,0.450599998,0.454600006,0.458099991,0.462500006,0.468100011,0.47299999,0.475499988,0.478799999,0.484800011,0.488700002,0.494500011,0.496800005
H5,0.060899999,0.062100001,0.064800002,0.069499999,0.073799998,0.082800001,0.092,0.104199998,0.120300002,0.141499996,0.1655,0.194299996,0.223499998,0.258700013,0.300300002,0.3477,0.388500005,0.422899991,0.420399994,0.417699993,0.416599989,0.414700001,0.416399986,0.414400011,0.416399986,0.416999996,0.416500002,0.419499993,0.418599993,0.418900013,0.422500014,0.423900008,0.424600005,0.426999986,0.429899991,0.435499996,0.437900007,0.442099988,0.444599986,0.448300004,0.452699989,0.458000004,0.462399989,0.468499988,0.472299993,0.475400001,0.48179999,0.484800011,0.488599986,0.492900014,0.497299999,0.500899971,0.504800022,0.510100007,0.513100028,0.517199993,0.522000015,0.525600016,0.533999979,0.53579998
H6,0.057300001,0.058699999,0.062399998,0.064599998,0.071099997,0.0757,0.083800003,0.094899997,0.1065,0.118600003,0.129099995,0.148399994,0.168599993,0.197699994,0.224900007,0.266200006,0.302700013,0.361699998,0.388700008,0.382200003,0.382299989,0.380899996,0.379200011,0.378100008,0.380199999,0.380699992,0.378199995,0.3847,0.38319999,0.384000003,0.39410001,0.397100002,0.393599987,0.398999989,0.40290001,0.414000005,0.415699989,0.425799996,0.429199994,0.433699995,0.43810001,0.449099988,0.451200008,0.463099986,0.466500014,0.470099986,0.479600012,0.487899989,0.494800001,0.501999974,0.505900025,0.519599974,0.524999976,0.532899976,0.541499972,0.545400023,0.555899978,0.563899994,0.572600007,0.57889998
H7,0.055599999,0.057,0.0601,0.0614,0.065300003,0.068800002,0.0735,0.082099997,0.095700003,0.102799997,0.113799997,0.126599997,0.143299997,0.162499994,0.188099995,0.214300007,0.245100006,0.284500003,0.33129999,0.34799999,0.349400014,0.354999989,0.358599991,0.363499999,0.363799989,0.366899997,0.366400003,0.371199995,0.371600002,0.375099987,0.379599988,0.382299989,0.381599993,0.388799995,0.390199989,0.395500004,0.397799999,0.403699994,0.402200013,0.409099996,0.413800001,0.418900013,0.425399989,0.434100002,0.437700003,0.446799994,0.455900013,0.463400006,0.474700004,0.485300004,0.492700011,0.501299977,0.512399971,0.519800007,0.525699973,0.534099996,0.544200003,0.551900029,0.56099999,0.567099988
H8,0.056200001,0.058200002,0.0603,0.063900001,0.068099998,0.073200002,0.080499999,0.091799997,0.099399999,0.1083,0.121299997,0.136299998,0.155499995,0.176499993,0.203600004,0.235599995,0.273000002,0.324299991,0.355800003,0.369700015,0.378300011,0.379400015,0.381500006,0.386200011,0.385800004,0.388900012,0.387100011,0.390399992,0.391000003,0.394300014,0.4014,0.407799989,0.407299995,0.4102,0.421000004,0.4278,0.429899991,0.442699999,0.442600012,0.4454,0.453599989,0.459100008,0.4648,0.476200014,0.480100006,0.485700011,0.494899988,0.501800001,0.508300006,0.51730001,0.521300018,0.533800006,0.543799996,0.552399993,0.557699978,0.564999998,0.576900005,0.58920002,0.596400023,0.605599999
H9,0.061999999,0.0623,0.063299999,0.066100001,0.068999998,0.075000003,0.082999997,0.094800003,0.108400002,0.126499996,0.144099995,0.164100006,0.188299999,0.215000004,0.242300004,0.278600007,0.31310001,0.355599999,0.389600009,0.385399997,0.381599993,0.377299994,0.377400011,0.374199986,0.376100004,0.377499998,0.375,0.378699988,0.381300002,0.378800005,0.385100007,0.386200011,0.388200015,0.391099989,0.39289999,0.400099993,0.402099997,0.412800014,0.414200008,0.417499989,0.422800004,0.426400006,0.430799991,0.436300009,0.440400004,0.442200005,0.449000001,0.449800014,0.455900013,0.456999987,0.462900013,0.467099994,0.470899999,0.476799995,0.477400005,0.482600003,0.487699986,0.492000014,0.497099996,0.500100017
H10,0.061900001,0.064000003,0.067900002,0.071000002,0.077399999,0.085600004,0.095700003,0.109999999,0.125300005,0.140400007,0.158199996,0.180299997,0.202000007,0.229100004,0.259600013,0.296299994,0.325300008,0.328500003,0.324999988,0.322400004,0.319099993,0.320899993,0.3213,0.325100005,0.326900005,0.3301,0.329899997,0.334800005,0.333200008,0.335599989,0.341699988,0.346300006,0.350199997,0.356299996,0.355199993,0.362599999,0.361699998,0.368499994,0.368499994,0.36680001,0.369300008,0.370599985,0.37470001,0.37560001,0.374300003,0.378500015,0.381999999,0.38530001,0.386000007,0.388500005,0.383100003,0.39199999,0.392800003,0.390300006,0.39199999,0.393999994,0.397300005,0.399199992,0.400299996,0.399500012
H11,0.059,0.063900001,0.064099997,0.0682,0.071400002,0.077200003,0.086900003,0.097000003,0.109399997,0.121799998,0.141599998,0.161899999,0.186000004,0.214200005,0.248699993,0.290199995,0.335099995,0.382499993,0.39320001,0.397399992,0.397799999,0.405299991,0.408499986,0.411799997,0.416099995,0.424800009,0.425900012,0.438199997,0.441500008,0.448100001,0.456499994,0.467500001,0.476599991,0.485700011,0.494899988,0.506299973,0.5176,0.52670002,0.529900014,0.540300012,0.548500001,0.554499984,0.561200023,0.574000001,0.577600002,0.588999987,0.598500013,0.603500009,0.613799989,0.622200012,0.629299998,0.636200011,0.643700004,0.650600016,0.654900014,0.657299995,0.665400028,0.671500027,0.679099977,0.681200027
H12,0.0614,0.064000003,0.068400003,0.073399998,0.079599999,0.089699998,0.099600002,0.109499998,0.123999998,0.139599994,0.158600003,0.182699993,0.209800005,0.237100005,0.273299992,0.313800007,0.356299996,0.392399997,0.398600012,0.398099989,0.409399986,0.414999992,0.421499997,0.427599996,0.432200015,0.440800011,0.445499986,0.454400003,0.456099987,0.462799996,0.471100003,0.478500009,0.490700006,0.495099992,0.5079,0.518700004,0.528199971,0.538999975,0.545000017,0.550400019,0.558700025,0.566900015,0.573000014,0.583800018,0.587899983,0.596199989,0.602900028,0.609300017,0.61559999,0.621800005,0.625100017,0.634500027,0.641600013,0.647199988,0.65259999,0.655499995,0.663800001,0.667800009,0.674799979,0.67809999
,,,,,,,,,,,,,,,,,,,,,,,,,,,,,,,,,,,,,,,,,,,,,,,,,,,,,,,,,,,,
Cycle Nr.,1,2,3,4,5,6,7,8,9,10,11,12,13,14,15,16,17,18,19,20,21,22,23,24,25,26,27,28,29,30,31,32,33,34,35,36,37,38,39,40,41,42,43,44,45,46,47,48,49,50,51,52,53,54,55,56,57,58,59,60
Time [s],0,1020,2040,3060,4080,5100,6120,7140,8160,9180,10200,11220,12240,13260,14280,15300,16320,17339.9,18359.9,19379.9,20399.9,21419.9,22439.9,23459.9,24479.9,25499.9,26519.9,27539.9,28559.9,29579.9,30599.9,31619.9,32639.9,33659.9,34679.9,35699.9,36719.9,37739.9,38759.9,39779.9,40799.9,41819.9,42839.9,43859.9,44879.9,45899.9,46919.9,47939.9,48959.9,49979.8,50999.7,52019.7,53039.8,54059.7,55079.8,56099.8,57119.7,58139.8,59159.7,60179.7
Temp. [°C],22.5,36.8,37,37.1,36.8,37,36.8,37.1,37,37.1,37.2,37,37.1,37.1,37.1,37.3,37.2,36.9,37.2,37,36.9,37,37.2,37.4,37,37,37.2,37,36.7,37,37.2,37.1,37.1,37.2,37.1,37.4,37.4,36.8,37,37.1,37,37.2,37.4,37,37.2,37,37.1,37.1,37.2,36.9,37,37.1,37.1,36.9,37.4,36.7,37,37.4,37.1,36.9
A1,259,275,274,243,258,262,267,285,302,321,373,411,520,587,705,827,1036,1162,1383,1523,1565,1547,1575,1642,1636,1675,1723,1723,1729,1728,1785,1831,1823,1865,1899,1946,2040,2017,2025,2078,2148,2135,2227,2287,2328,2329,2407,2427,2521,2556,2625,2662,2691,2691,2770,2855,2856,2958,3044,3099
A2,266,268,261,262,277,274,278,291,286,335,370,445,521,584,702,850,1008,1145,1372,1521,1633,1586,1621,1652,1683,1675,1719,1698,1760,1728,1768,1833,1807,1852,1880,1919,1929,1985,1974,2059,2114,2124,2174,2211,2239,2311,2365,2344,2404,2429,2508,2588,2583,2598,2655,2735,2778,2829,2814,2878
A3,277,283,255,273,270,286,305,322,320,355,423,510,575,700,857,1022,1168,1372,1611,1645,1723,1746,1776,1785,1837,1871,1870,1919,1896,1913,1972,1964,2020,2014,2107,2079,2087,2204,2165,2241,2252,2340,2382,2442,2405,2408,2511,2548,2590,2653,2640,2780,2788,2788,2779,2882,2954,2934,2993,3056
A4,273,284,275,273,293,280,282,299,308,341,416,461,540,646,779,905,1108,1295,1478,1560,1628,1684,1663,1719,1724,1784,1789,1793,1811,1857,1907,1878,1953,1919,1967,2048,2027,2079,2114,2136,2149,2266,2271,2288,2310,2399,2434,2460,2564,2550,2631,2683,2687,2754,2763,2835,2895,2901,2936,2991
A5,279,283,285,292,294,309,313,351,389,424,500,609,715,833,996,1174,1391,1570,1795,1887,1979,2013,1998,2064,2111,2160,2213,2189,2222,2233,2221,2304,2322,2391,2454,2459,2537,2567,2639,2663,2743,2744,2729,2834,2841,2887,2966,2938,3043,3059,3156,3207,3242,3259,3361,3378,3447,3516,3604,3649
A6,292,286,286,296,291,309,327,349,366,428,486,565,662,784,936,1083,1246,1446,1610,1697,1740,1781,1780,1774,1837,1828,1890,1919,1925,1937,1997,1945,2048,2061,2099,2072,2120,2182,2219,2281,2245,2344,2321,2416,2412,2495,2553,2554,2568,2672,2750,2729,2869,2802,2851,2896,2930,2996,2975,3015
A7,281,287,284,293,302,322,331,349,387,431,523,571,707,826,976,1159,1286,1493,1670,1640,1726,1690,1755,1791,1904,1863,1899,1879,1926,1934,1933,2007,1982,2010,2084,2078,2125,2157,2159,2187,2299,2319,2332,2412,2416,2454,2575,2484,2565,2577,2716,2706,2740,2816,2793,2857,2961,2920,2990,2988
A8,275,275,274,262,289,286,293,326,309,355,395,476,558,657,770,929,1076,1284,1447,1637,1714,1732,1770,1741,1746,1806,1818,1861,1837,1870,1877,1931,1905,1954,2039,2025,2066,2096,2176,2174,2217,2248,2234,2330,2372,2403,2405,2443,2482,2556,2655,2652,2676,2677,2773,2746,2804,2841,2829,2932
A9,278,266,276,272,268,290,282,295,342,391,439,525,592,716,850,998,1161,1325,1465,1512,1550,1530,1574,1549,1631,1581,1674,1700,1709,1719,1676,1794,1731,1807,1783,1819,1886,1869,1914,1912,1984,1994,2042,2044,2118,2154,2196,2210,2248,2315,2333,2346,2401,2463,2442,2464,2629,2577,2599,2634
A10,476,517,500,496,509,514,567,590,626,703,787,920,1079,1215,1486,1673,1885,2161,2366,2536,2814,2890,3072,3185,3401,3492,3612,3768,3738,3839,3941,4012,4096,4117,4180,4310,4229,4398,4429,4428,4565,4551,4563,4665,4645,4768,4788,4813,4859,5031,4996,5181,5111,5228,5299,5298,5434,5415,5467,5557
A11,353,364,365,346,375,433,500,590,687,856,1023,1239,1460,1738,2001,2359,2702,3082,3471,3563,3875,4126,4247,4447,4633,4728,4803,4932,4982,5089,5156,5198,5170,5400,5436,5495,5510,5645,5734,5796,5915,5985,6059,6184,6059,6386,6520,6552,6810,6859,7046,7166,7251,7299,7582,7785,7960,8229,8287,8555
A12,292,275,289,282,288,280,279,294,334,343,396,421,476,592,681,785,919,1086,1254,1433,1545,1601,1609,1670,1684,1689,1716,1745,1768,1721,1772,1724,1819,1824,1845,1967,1762,1934,1999,1970,2013,2030,2066,2154,2183,2209,2239,2229,2258,2285,2398,2415,2496,2483,2480,2551,2610,2627,2683,2723
B1,263,281,282,267,254,259,273,279,303,341,360,430,493,607,701,837,1021,1185,1383,1524,1603,1577,1610,1705,1651,1745,1758,1721,1776,1737,1780,1818,1869,1862,1964,1983,1947,1970,2034,2076,2135,2241,2217,2231,2345,2397,2383,2478,2582,2589,2616,2584,2684,2740,2786,2793,2840,2923,2962,3031
B2,284,282,307,278,294,289,286,301,330,342,414,472,544,655,765,910,1059,1238,1472,1607,1672,1728,1767,1786,1855,1912,1912,1914,1966,1934,1969,1988,2050,2135,2179,2212,2237,2225,2273,2362,2383,2425,2454,2460,2487,2608,2672,2651,2725,2801,2820,2858,2913,2907,3014,3064,3123,3202,3242,3345
B3,305,305,301,321,328,332,370,392,476,531,671,820,987,1198,1443,1719,1981,2325,2728,3018,3266,3478,3621,3731,3884,3999,4177,4203,4224,4381,4403,4566,4543,4754,4799,4883,4972,5026,5063,5148,5267,5431,5461,5543,5601,5747,5741,5827,5969,6024,6084,6247,6198,6263,6326,6464,6536,6618,6824,6781
B4,320,336,335,325,313,335,333,343,356,389,455,519,607,730,853,1018,1168,1444,1670,1860,1943,2037,2092,2175,2129,2259,2328,2333,2404,2405,2432,2472,2514,2563,2536,2577,2663,2745,2699,2793,2793,2911,2887,2976,2920,3008,3026,3109,3152,3140,3235,3234,3307,3299,3398,3353,3397,3420,3503,3514
B5,255,281,292,287,307,340,369,385,469,512,611,750,925,1109,1380,1568,1942,2193,2496,2859,2917,3015,3111,3192,3212,3399,3397,3424,3508,3493,3450,3525,3677,3707,3650,3799,3821,3788,3774,3836,3815,3957,3967,3978,3947,3947,4102,4185,4203,4269,4372,4310,4396,4508,4610,4726,4781,4856,4940,4963
B6,279,285,261,270,269,295,284,306,316,355,381,471,536,658,788,950,1090,1327,1565,1658,1728,1733,1749,1774,1799,1837,1873,1853,1900,1908,1896,1941,1974,2035,2044,1992,2091,2162,2114,2162,2235,2252,2238,2296,2250,2341,2377,2448,2545,2583,2586,2660,2675,2773,2835,2893,2955,3023,3082,3127
B7,286,284,276,265,273,289,287,311,321,342,397,457,510,610,748,837,1060,1210,1371,1564,1620,1645,1714,1771,1839,1873,2077,2046,2063,2219,2071,2287,2364,2393,2433,2411,2600,2604,2660,2710,2800,2861,2975,3083,2976,3147,3272,3327,3415,3450,3508,3624,3637,3714,3805,3859,3863,3925,4123,4163
B8,292,301,284,275,292,305,307,303,328,365,418,502,583,692,823,952,1181,1336,1548,1725,1808,1850,1888,1885,1924,1952,2038,2041,2109,2102,2095,2171,2255,2305,2281,2289,2406,2381,2431,2407,2563,2628,2603,2646,2534,2746,2801,2792,2919,2910,2992,2971,3023,3067,3189,3130,3149,3177,3270,3330
B9,254,260,254,253,272,248,264,289,279,322,363,402,469,586,660,813,945,1084,1288,1514,1514,1578,1540,1594,1599,1649,1723,1702,1749,1671,1723,1785,1818,1880,1859,1769,1899,1937,1973,2011,2068,2065,2173,2194,2190,2208,2315,2317,2358,2422,2443,2459,2477,2473,2547,2608,2652,2642,2744,2727
B10,258,266,249,269,281,267,294,293,314,338,375,451,497,598,718,794,997,1216,1390,1592,1730,1785,1780,1849,1870,1928,1970,1948,1996,2004,1980,2089,2125,2193,2152,2333,2263,2288,2395,2501,2497,2547,2570,2604,2484,2680,2792,2828,2855,2909,2985,3008,3079,3156,3211,3316,3321,3391,3530,3492
B11,385,372,384,379,375,400,385,400,430,466,542,605,710,817,956,1168,1375,1578,1821,2180,2354,2597,2825,2949,3100,3219,3368,3381,3515,3549,3601,3743,3768,3824,3906,3743,4036,4088,4108,4239,4291,4301,4336,4450,4563,4591,4611,4756,4782,4817,4826,4904,4998,5058,5240,5245,5365,5476,5680,5801
B12,263,256,239,260,244,241,262,244,256,258,251,241,271,260,245,245,256,256,259,256,265,248,264,262,265,262,263,254,289,258,264,273,265,276,268,271,270,264,267,270,271,265,262,269,266,276,276,280,267,275,284,273,259,283,269,289,290,274,269,282
C1,293,270,291,284,279,296,304,298,334,377,427,500,603,714,787,953,1106,1312,1439,1569,1695,1717,1744,1790,1822,1882,1939,1937,2047,2017,2071,2161,2179,2225,2312,2329,2401,2497,2585,2699,2851,2969,2961,3103,3212,3270,3404,3471,3756,3900,4135,4225,4492,4666,4858,5123,5357,5559,5742,6015
C2,276,286,286,282,295,281,308,310,323,360,398,455,526,623,759,894,1057,1232,1436,1600,1627,1679,1719,1698,1729,1761,1826,1779,1826,1852,1974,1935,1862,2041,2007,2017,2002,2095,2156,2248,2256,2304,2220,2260,2373,2375,2376,2433,2609,2664,2703,2735,2692,2788,2797,2932,3020,3178,3116,3115
C3,308,321,293,289,289,317,313,323,325,383,419,468,574,682,776,866,1060,1268,1464,1635,1839,1920,2036,2143,2223,2233,2338,2292,2327,2361,2436,2466,2492,2521,2563,2621,2640,2654,2695,2760,2877,2824,2800,2888,2976,2991,2929,3011,3101,3188,3173,3190,3205,3273,3314,3366,3430,3440,3563,3388
C4,292,289,285,278,282,281,297,296,312,322,342,368,384,400,395,438,462,522,524,519,586,653,643,687,708,702,780,788,848,902,970,963,1020,1103,1122,1170,1238,1281,1374,1459,1604,1698,1724,1745,1795,1892,1905,1904,2021,2093,2071,2122,2182,2222,2232,2293,2318,2405,2447,2406
C5,290,296,275,273,259,274,277,271,293,305,304,334,366,421,488,541,646,770,855,994,1157,1321,1494,1580,1613,1653,1657,1641,1733,1738,1751,1756,1743,1770,1805,1783,1854,1859,1908,1898,1977,2031,1979,1974,2098,2160,2093,2182,2231,2321,2313,2349,2368,2438,2508,2472,2515,2539,2579,2561
C6,302,310,287,303,301,297,300,324,332,358,396,455,488,592,695,830,971,1150,1349,1513,1568,1625,1649,1683,1704,1692,1720,1723,1797,1790,1830,1842,1867,1913,1935,1873,1949,2027,2034,2094,2112,2157,2153,2135,2235,2286,2223,2232,2321,2399,2467,2405,2541,2634,2588,2659,2651,2797,2804,2800
C7,287,288,289,270,295,295,288,316,330,390,417,499,581,674,798,938,1072,1239,1427,1451,1566,1595,1601,1618,1668,1653,1715,1685,1722,1760,1758,1821,1852,1899,1892,1933,1936,1896,2006,2116,2068,2129,2053,2128,2162,2247,2238,2285,2334,2375,2381,2381,2473,2520,2580,2558,2593,2580,2691,2643
C8,405,387,385,450,473,525,627,758,911,1142,1463,1750,2216,2716,3313,3995,4579,5217,5907,6182,6642,7070,7284,7554,7709,7899,7887,8046,8178,8408,8417,8457,8563,8640,8777,8841,8872,9127,9202,9314,9481,9581,9450,9774,9867,9931,10128,10193,10487,10666,10661,10824,11105,11156,11420,11594,11841,11944,12359,12328
C9,345,366,354,351,337,376,375,381,395,436,472,534,615,731,875,1053,1242,1450,1674,1875,2053,2226,2368,2498,2486,2661,2695,2726,2801,2890,2952,2969,3012,3069,3087,3156,3197,3180,3268,3299,3489,3421,3453,3530,3532,3594,3657,3599,3738,3938,3911,3975,4057,4179,4178,4303,4292,4428,4568,4471
C10,279,304,295,276,286,289,286,321,347,364,424,470,581,678,772,938,1076,1216,1412,1469,1610,1572,1614,1632,1682,1701,1671,1736,1743,1791,1811,1811,1833,1893,1880,1955,1852,1966,2010,2033,2075,2099,2079,2133,2223,2216,2208,2258,2306,2353,2389,2478,2507,2548,2512,2557,2630,2652,2654,2628
C11,303,283,285,279,273,301,307,323,374,379,459,514,596,733,822,986,1104,1305,1481,1526,1563,1680,1686,1653,1762,1761,1807,1791,1813,1868,1872,1872,1889,1919,1953,1965,2039,2002,2145,2116,2127,2201,2145,2151,2243,2344,2319,2327,2414,2542,2579,2490,2545,2629,2650,2768,2683,2726,2812,2741
C12,267,290,273,278,290,301,305,301,348,367,410,496,546,635,764,927,1073,1188,1401,1518,1532,1599,1659,1608,1643,1647,1663,1652,1714,1721,1709,1768,1802,1807,1832,1886,1809,1985,1933,1977,2032,2021,2006,2090,2111,2183,2181,2141,2223,2256,2298,2408,2402,2456,2418,2442,2537,2591,2566,2605
D1,290,290,275,278,264,280,303,318,327,390,445,476,576,653,785,887,1014,1163,1365,1467,1477,1513,1503,1523,1557,1559,1586,1582,1617,1650,1649,1634,1680,1737,1754,1766,1809,1774,1855,1885,1911,2003,1955,2028,2085,2095,2135,2153,2216,2229,2332,2371,2331,2423,2435,2549,2501,2555,2641,2657
D2,306,306,292,299,302,302,318,344,376,423,496,555,672,779,918,1070,1230,1437,1642,1811,1983,2105,2155,2176,2279,2369,2410,2411,2512,2491,2557,2622,2632,2685,2706,2745,2780,2811,2897,2936,2985,3055,3103,3170,3151,3200,3310,3387,3457,3516,3657,3694,3713,3828,3925,4034,4047,4049,4252,4336
D3,320,304,314,301,327,339,351,378,455,501,603,742,848,1025,1242,1491,1712,2078,2350,2579,2673,2872,2946,3060,3135,3166,3266,3275,3322,3354,3406,3383,3476,3559,3571,3625,3661,3679,3798,3813,3904,4011,4009,4002,4128,4199,4293,4382,4393,4505,4576,4659,4664,4771,4760,4971,5022,5133,5248,5331
D4,313,297,316,302,314,320,315,346,376,407,459,541,621,724,887,992,1140,1387,1535,1736,2000,2145,2235,2353,2441,2488,2463,2543,2622,2711,2698,2798,2865,2909,2985,2998,2998,3188,3157,3149,3211,3229,3411,3405,3418,3589,3626,3670,3791,3737,3816,3964,3962,3994,3969,4168,4175,4225,4407,4408
D5,279,291,278,292,278,286,318,335,361,414,498,584,701,800,939,1163,1360,1565,1753,1934,2031,2059,2133,2203,2261,2248,2291,2320,2402,2418,2468,2526,2515,2625,2592,2645,2623,2708,2742,2734,2800,2863,2939,2947,2965,3020,3057,3175,3212,3239,3289,3292,3288,3308,3394,3558,3486,3482,3564,3564
D6,305,292,300,305,294,310,347,369,385,454,516,568,670,792,894,1109,1305,1461,1672,1727,1841,1891,1942,2005,2046,2077,2140,2107,2174,2150,2210,2211,2230,2344,2307,2396,2404,2441,2545,2506,2576,2697,2639,2755,2831,2898,2877,2915,3005,3129,3167,3258,3259,3325,3323,3490,3567,3618,3740,3702
D7,265,267,269,260,260,265,268,284,288,324,325,384,424,452,533,641,756,875,1038,1213,1369,1362,1408,1439,1420,1472,1479,1527,1540,1539,1568,1565,1607,1628,1676,1674,1690,1710,1749,1796,1795,1856,1915,1881,1963,1982,1964,2046,2150,2150,2243,2255,2313,2336,2352,2470,2461,2641,2643,2702
D8,300,287,276,280,297,294,315,315,336,370,438,482,548,636,720,889,1060,1261,1407,1647,1743,1757,1888,1876,1918,1919,1919,1962,1996,2044,2036,2131,2159,2147,2178,2212,2317,2378,2406,2431,2475,2529,2639,2671,2705,2814,2782,2859,2917,2944,3107,3084,3175,3249,3242,3365,3424,3541,3534,3607
D9,301,327,315,302,321,318,343,383,407,468,578,719,868,1082,1249,1457,1690,1980,2196,2441,2594,2753,2797,2860,2953,3044,3055,3164,3242,3209,3291,3260,3348,3350,3446,3474,3519,3565,3544,3567,3627,3664,3804,3867,3872,3944,3954,4049,4130,4098,4294,4244,4385,4401,4460,4583,4600,4667,4698,4832
D10,272,273,267,274,252,293,299,329,363,409,475,536,618,716,861,1038,1139,1340,1443,1438,1537,1534,1565,1538,1605,1633,1624,1651,1697,1719,1727,1766,1751,1808,1852,1868,1858,1881,1974,1981,2029,2053,2070,2099,2178,2232,2211,2282,2319,2351,2397,2446,2497,2488,2619,2583,2568,2664,2678,2792
D11,288,302,291,287,313,302,307,329,367,401,466,526,618,732,848,972,1152,1261,1529,1613,1676,1702,1757,1790,1839,1822,1850,1935,1975,1957,2015,2003,2162,2188,2253,2261,2357,2414,2397,2505,2560,2597,2721,2804,2846,2957,3063,3179,3217,3263,3360,3495,3578,3626,3810,3930,3924,4042,4090,4260
D12,255,278,278,263,262,271,296,298,322,360,407,458,533,647,750,929,1049,1270,1455,1531,1628,1682,1711,1701,1713,1768,1842,1765,1809,1861,1881,1910,1934,1965,2034,2062,2103,2149,2152,2178,2271,2260,2332,2371,2370,2438,2522,2572,2610,2642,2750,2736,2863,2879,3043,3104,3099,3150,3250,3262
E1,379,372,371,368,371,377,388,376,398,450,501,566,636,754,893,1040,1216,1392,1606,1782,1789,1825,1825,1878,1943,1970,1960,1974,2018,2043,2041,2048,2074,2159,2119,2210,2275,2278,2334,2273,2447,2484,2492,2532,2525,2597,2671,2681,2725,2810,2807,2920,2919,2927,2997,3121,3156,3144,3250,3247
E2,357,356,328,329,343,328,327,346,326,354,367,388,449,488,573,637,773,866,1044,1192,1444,1597,1651,1727,1748,1801,1776,1793,1896,1875,1925,1935,1947,1967,1917,1999,2028,2060,2068,2183,2202,2273,2293,2271,2297,2406,2374,2471,2503,2536,2556,2620,2688,2606,2796,2828,2804,2873,2955,2964
E3,371,349,348,364,349,355,361,362,391,400,444,491,590,676,761,900,1086,1219,1384,1610,1771,1778,1803,1822,1844,1881,1966,1948,1964,2009,2022,2065,2063,2117,2147,2148,2155,2220,2227,2291,2332,2327,2369,2367,2409,2508,2513,2504,2651,2580,2617,2746,2786,2814,2769,2889,2835,2889,2982,2962
E4,363,351,337,364,335,363,353,383,404,443,479,564,666,778,896,1049,1206,1393,1598,1781,1809,1825,1838,1894,1922,1944,1949,2027,2022,2034,2053,2089,2114,2125,2178,2143,2200,2245,2307,2365,2356,2365,2490,2445,2523,2617,2633,2594,2696,2721,2751,2908,2900,2940,2965,3078,3070,3086,3148,3156
E5,404,386,380,372,376,390,407,405,432,464,515,608,703,805,942,1140,1313,1491,1661,1873,2013,1985,2089,2140,2131,2199,2190,2217,2297,2240,2316,2297,2402,2404,2360,2392,2455,2523,2552,2610,2551,2646,2667,2676,2709,2739,2767,2826,2837,2876,2850,2953,2969,2983,3115,3073,3064,3134,3128,3210
E6,382,379,381,369,361,377,389,396,430,459,528,591,698,782,962,1094,1262,1421,1618,1691,1744,1759,1738,1836,1841,1870,1937,1913,1938,1957,2009,1997,2022,2057,2116,2098,2084,2136,2159,2151,2276,2302,2351,2389,2382,2474,2499,2524,2563,2599,2577,2760,2769,2784,2839,2893,2903,2951,2969,2997
E7,379,366,375,367,382,386,401,427,465,507,546,674,750,858,996,1187,1333,1545,1684,1762,1813,1845,1849,1886,1916,1903,1967,1958,1979,2039,1997,2061,2044,2115,2178,2161,2186,2267,2298,2293,2339,2366,2337,2401,2473,2490,2531,2527,2728,2738,2660,2739,2818,2707,2904,3036,2985,3057,3046,3096
E8,376,371,357,344,335,362,359,366,396,454,487,551,633,760,914,1072,1233,1414,1628,1718,1836,1783,1832,1834,1867,1919,1935,1963,1975,2055,2011,2085,2099,2139,2127,2199,2220,2248,2302,2356,2322,2389,2420,2434,2501,2543,2538,2598,2646,2682,2626,2774,2782,2840,2847,3040,2959,3033,3003,3115
E9,352,375,362,345,337,346,344,361,416,444,532,584,682,787,939,1088,1243,1397,1547,1586,1598,1601,1625,1672,1667,1702,1729,1738,1735,1782,1811,1828,1864,1906,1873,1915,1964,1955,2028,2003,2059,2097,2174,2178,2221,2226,2295,2322,2343,2361,2388,2492,2474,2478,2572,2670,2615,2650,2709,2746
E10,487,458,465,479,459,456,457,501,535,581,647,735,841,1006,1121,1336,1517,1785,2016,2225,2394,2526,2645,2731,2817,2913,2987,3022,3120,3107,3188,3258,3281,3277,3305,3529,3494,3494,3614,3562,3684,3744,3701,3813,3804,3926,3904,3971,3990,4007,4087,4306,4240,4276,4393,4494,4444,4515,4697,4591
E11,451,448,406,419,446,488,565,657,767,969,1139,1426,1675,1926,2279,2673,3054,3440,3685,4051,4427,4536,4710,4900,4939,5111,5136,5149,5334,5375,5438,5584,5561,5652,5720,5811,6037,5982,6213,6266,6473,6601,6709,6703,6947,7090,7230,7495,7618,7886,8021,8282,8411,8609,9019,9206,9338,9601,9934,10149
E12,376,365,365,353,348,357,365,401,432,474,585,637,772,885,1040,1144,1317,1496,1633,1662,1692,1700,1694,1708,1719,1784,1815,1820,1815,1827,1848,1900,1914,1939,1897,2019,2002,2037,2051,2075,2067,2164,2216,2222,2304,2247,2350,2359,2395,2476,2527,2544,2606,2602,2658,2729,2698,2712,2811,2869
F1,366,364,363,353,361,355,381,375,398,456,510,594,655,772,874,1068,1211,1398,1619,1733,1812,1798,1789,1869,1848,1868,1942,1946,1968,1994,2039,2054,2083,2120,2149,2109,2211,2250,2313,2315,2406,2369,2476,2496,2564,2572,2724,2619,2706,2751,2814,2868,2914,2850,2991,3053,3107,3175,3204,3299
F2,395,384,367,389,368,390,373,393,401,445,487,574,641,748,881,1021,1196,1342,1590,1745,1821,1823,1938,1923,1990,2050,2121,2104,2124,2143,2233,2198,2212,2253,2326,2323,2401,2370,2445,2524,2418,2553,2600,2681,2684,2726,2768,2773,2917,2904,2981,2987,3053,3036,3153,3236,3273,3442,3388,3464
F3,414,407,401,406,437,444,483,488,571,673,818,1019,1224,1440,1696,2054,2367,2736,3116,3441,3767,4025,4208,4379,4570,4681,4847,4818,5027,5129,5106,5266,5321,5522,5598,5577,5546,5643,5770,5753,5986,6172,6287,6251,6245,6431,6470,6697,6729,6854,6823,6942,7162,7024,7208,7364,7423,7372,7695,7767
F4,397,386,380,375,392,399,404,410,447,497,522,635,723,825,958,1091,1275,1447,1702,1889,2044,2060,2061,2125,2158,2195,2248,2284,2313,2357,2403,2411,2401,2486,2503,2488,2554,2657,2654,2629,2678,2777,2763,2820,2808,2921,2928,2988,3030,3091,3082,3127,3213,3176,3242,3406,3244,3281,3389,3406
F5,365,366,367,382,379,414,427,500,544,599,746,897,1075,1314,1568,1873,2121,2487,2758,3094,3218,3356,3489,3580,3704,3711,3826,3675,3866,3852,3884,3925,3966,4073,4087,4073,4050,4159,4240,4109,4195,4282,4320,4314,4354,4408,4417,4429,4568,4567,4718,4706,4808,4835,5076,5177,5222,5194,5375,5402
F6,333,354,339,346,349,357,361,361,413,424,467,569,643,757,884,1025,1168,1392,1577,1721,1734,1779,1779,1824,1865,1842,1918,1906,1957,2023,1895,1937,2036,2126,2073,2081,2128,2131,2191,2252,2263,2269,2362,2386,2388,2411,2511,2560,2551,2671,2722,2750,2833,2855,2900,2990,3011,3176,3147,3214
F7,361,356,356,352,352,365,381,381,402,463,523,618,704,779,919,1114,1268,1489,1682,1751,1803,1882,1935,2001,2104,2106,2243,2261,2209,2295,2403,2482,2470,2590,2584,2605,2662,2765,2856,2898,3005,3062,3129,3290,3312,3326,3467,3609,3715,3736,3804,3815,3884,3972,3985,4120,4240,4245,4248,4400
F8,347,343,327,343,346,347,323,363,401,451,515,594,696,819,967,1151,1313,1582,1780,1832,1918,1958,2037,2051,2080,2130,2212,2214,2233,2234,2273,2327,2357,2375,2424,2464,2491,2504,2661,2631,2653,2758,2761,2854,2843,2940,2944,3028,2976,3118,3162,3220,3206,3190,3407,3376,3506,3425,3536,3543
F9,352,355,338,349,332,358,357,379,404,442,450,544,626,761,866,1013,1136,1366,1580,1628,1722,1704,1751,1732,1733,1798,1835,1800,1869,1889,1845,1940,1937,1993,2063,2019,2039,2099,2147,2179,2223,2241,2255,2321,2399,2419,2431,2502,2511,2560,2619,2617,2665,2634,2700,2788,2771,2821,2830,2887
F10,376,360,338,339,353,352,355,359,381,422,492,550,647,753,888,1039,1229,1414,1646,1769,1834,1855,1903,1942,1978,1976,2000,2024,2102,2108,2101,2177,2186,2225,2309,2324,2325,2384,2447,2451,2517,2568,2591,2609,2639,2723,2854,2815,2906,2910,2953,2954,3061,3026,3195,3230,3229,3277,3416,3383
F11,476,450,478,502,485,475,504,520,574,606,713,806,893,1045,1208,1407,1596,1913,2121,2321,2499,2626,2688,2898,2880,3075,3055,3195,3231,3304,3331,3429,3440,3529,3545,3597,3702,3697,3703,3814,3841,3817,3866,4023,4117,4124,4118,4182,4233,4286,4405,4431,4439,4458,4536,4642,4695,4737,4802,4720
F12,356,347,347,336,333,336,322,346,315,334,336,323,327,325,313,336,332,349,336,347,349,356,340,347,351,329,359,358,348,329,344,339,354,353,357,337,349,350,359,358,361,354,345,350,371,354,367,352,358,361,342,361,357,368,359,365,344,393,357,351
G1,371,341,349,357,349,340,377,373,414,436,489,574,643,763,831,1021,1190,1299,1527,1656,1783,1809,1877,1926,1980,2020,2051,2085,2151,2146,2193,2275,2306,2354,2432,2503,2582,2689,2810,2946,2991,3104,3151,3285,3452,3583,3697,3876,4070,4318,4435,4652,4942,5060,5366,5448,5688,5459,6076,6300
G2,343,344,339,347,334,331,355,335,372,404,474,535,596,696,823,939,1139,1320,1491,1692,1819,1799,1868,1860,1948,1920,1946,1959,2010,2031,2014,2073,2133,2128,2203,2246,2268,2298,2390,2363,2455,2449,2532,2574,2619,2657,2750,2820,2884,2952,3030,3122,3137,3171,3296,3411,3424,3216,3617,3663
G3,371,364,342,353,358,366,360,390,429,446,505,589,632,769,868,1031,1230,1450,1709,1993,2112,2249,2293,2416,2528,2601,2624,2680,2684,2701,2754,2822,2831,2805,2939,2897,2923,2954,2977,3036,3089,3138,3233,3250,3160,3269,3378,3383,3436,3411,3547,3559,3611,3636,3719,3737,3778,3478,3931,3831
G4,346,347,337,345,334,336,336,348,352,390,391,412,411,443,467,491,492,519,559,589,625,651,691,739,788,811,868,942,958,970,1056,1123,1212,1331,1416,1548,1705,1765,1870,1857,1952,1934,2033,2024,2094,2078,2141,2216,2272,2255,2240,2317,2384,2429,2420,2549,2542,2466,2635,2685
G5,341,323,338,309,317,315,306,325,326,346,355,395,461,522,588,667,779,912,1035,1198,1342,1552,1666,1649,1719,1731,1792,1795,1828,1812,1814,1820,1863,1877,1876,1938,1922,1972,1965,1970,2102,2082,2131,2149,2175,2270,2262,2281,2338,2405,2437,2469,2513,2524,2569,2682,2655,2489,2690,2780
G6,364,367,347,338,331,332,341,373,403,431,504,578,642,745,859,1021,1133,1367,1568,1581,1635,1690,1695,1749,1764,1731,1779,1843,1848,1817,1841,1883,1916,1940,1972,2019,2019,2072,2047,2047,2118,2194,2190,2257,2270,2323,2333,2386,2378,2376,2497,2502,2561,2651,2630,2738,2753,2748,2898,2979
G7,371,339,341,331,349,349,341,358,416,461,499,597,685,813,929,1095,1284,1488,1681,1719,1774,1792,1837,1875,1926,1952,1952,1985,2028,2017,2014,2084,2052,2132,2135,2165,2202,2241,2279,2281,2426,2387,2419,2466,2503,2620,2656,2693,2718,2755,2788,2821,2962,2882,2955,3108,3049,2789,3143,3212
G8,463,476,512,521,562,641,729,850,1071,1307,1584,1921,2389,3001,3485,4160,4819,5371,6056,6504,7070,7187,7448,7611,7774,7850,8084,8006,8211,8281,8468,8472,8741,8609,8753,8855,9101,9051,9148,9294,9433,9643,9687,9832,10047,10099,10291,10457,10508,10664,10935,11109,11465,11647,11932,12110,12328,11642,12693,13168
G9,464,446,443,441,439,433,442,486,521,565,662,739,852,978,1142,1350,1555,1821,2094,2332,2370,2502,2626,2665,2749,2797,2915,2969,2996,3047,3158,3205,3202,3296,3328,3378,3468,3442,3490,3429,3650,3705,3680,3757,3850,3938,3886,4005,4084,4123,4191,4296,4342,4398,4494,4551,4710,4607,4946,5150
G10,387,377,350,364,349,368,360,392,423,465,545,602,696,817,939,1136,1311,1421,1695,1681,1756,1794,1824,1829,1893,1835,1901,1939,1933,1907,1988,1963,2031,2058,2090,2100,2152,2178,2212,2270,2268,2279,2335,2424,2397,2486,2531,2530,2590,2659,2703,2700,2763,2740,2809,2796,2967,2734,2964,2949
G11,393,371,377,366,351,365,383,405,433,465,547,644,714,839,995,1132,1289,1486,1643,1706,1751,1785,1786,1835,1882,1880,1917,1886,1964,2009,1990,2035,2036,2126,2058,2063,2134,2145,2197,2237,2323,2317,2303,2388,2392,2471,2468,2540,2568,2634,2634,2683,2755,2830,2756,2830,2847,2724,2907,3012
G12,374,375,380,383,363,370,411,422,455,485,570,662,775,881,984,1163,1325,1548,1615,1641,1711,1728,1730,1762,1769,1751,1853,1831,1855,1854,1871,1963,1946,1954,1943,1975,2026,2062,2064,2086,2136,2202,2176,2243,2254,2245,2284,2344,2379,2429,2406,2545,2597,2663,2598,2665,2714,2557,2685,2774
H1,363,333,361,360,357,372,392,418,456,502,599,645,788,892,1034,1188,1318,1540,1634,1719,1754,1742,1726,1805,1796,1794,1821,1853,1871,1881,1926,1883,1991,1980,2030,2053,2096,2068,2204,2252,2237,2291,2324,2377,2437,2505,2457,2534,2583,2573,2655,2705,2815,2780,2848,2950,2881,2919,3041,3119
H2,372,375,370,365,356,368,388,412,463,549,633,740,844,1012,1204,1425,1642,1844,2144,2339,2553,2673,2733,2808,2894,2927,3046,3009,3078,3114,3267,3213,3315,3354,3386,3553,3454,3624,3692,3788,3909,3943,4047,4130,4236,4347,4307,4495,4628,4709,4777,4845,4957,5063,5154,5285,5328,5363,5594,5676
H3,408,390,395,417,406,432,499,537,625,724,852,1024,1260,1454,1727,1972,2272,2591,2832,3116,3229,3401,3334,3447,3531,3622,3720,3778,3741,3831,3818,3910,3914,4012,3946,4076,4166,4214,4286,4437,4421,4482,4574,4665,4706,4817,4787,4991,5043,5141,5184,5314,5386,5444,5737,5675,5948,5755,6006,6236
H4,400,395,385,417,406,429,460,500,530,626,703,807,955,1078,1308,1447,1687,1888,2157,2292,2446,2540,2622,2667,2719,2761,2896,2887,2944,3071,3058,3044,3167,3266,3307,3283,3353,3435,3471,3511,3650,3654,3698,3746,3797,3925,3911,4061,4111,4213,4213,4235,4348,4453,4473,4644,4573,4567,4733,4839
H5,399,381,402,386,408,430,453,506,552,634,751,893,1004,1177,1375,1573,1760,1965,2126,2094,2234,2281,2319,2366,2364,2363,2434,2447,2456,2519,2544,2569,2684,2665,2692,2717,2740,2785,2854,2833,2866,2932,2938,2998,3040,3120,3148,3099,3254,3291,3348,3297,3355,3480,3457,3526,3538,3423,3520,3687
H6,377,388,364,375,388,402,425,471,510,547,631,726,815,987,1150,1316,1529,1799,2024,2013,2164,2239,2224,2244,2336,2350,2387,2446,2497,2510,2576,2615,2633,2725,2762,2825,2837,2920,3005,2997,3107,3115,3254,3304,3323,3487,3471,3579,3612,3807,3894,3948,4062,4146,4155,4376,4359,4270,4464,4687
H7,362,356,340,346,357,351,342,348,373,413,440,499,560,657,729,875,1012,1180,1325,1483,1524,1515,1568,1583,1549,1602,1650,1687,1692,1710,1726,1755,1740,1840,1818,1911,1877,1889,1885,1985,1999,2024,2067,2125,2125,2178,2275,2243,2295,2386,2427,2477,2555,2620,2636,2716,2786,2714,2787,2950
H8,370,361,356,348,341,391,384,398,465,491,587,644,748,851,1035,1173,1376,1617,1782,1922,2008,2057,2107,2157,2193,2259,2263,2232,2385,2349,2409,2497,2544,2564,2647,2691,2714,2769,2814,2901,2973,3009,3038,3190,3212,3269,3404,3442,3543,3590,3690,3879,3935,4006,4103,4252,4212,4152,4320,4457
H9,553,566,612,588,590,649,666,694,810,966,1092,1280,1440,1714,1912,2186,2415,2766,2965,3131,3228,3421,3489,3530,3656,3656,3743,3841,3877,3847,3906,3943,3981,4094,4091,4174,4213,4215,4231,4460,4389,4484,4580,4634,4788,4806,4841,4925,5075,5092,5151,5260,5421,5449,5479,5724,5732,5671,5906,6011
H10,273,281,258,259,263,287,310,341,402,467,530,647,744,860,1017,1182,1332,1408,1423,1457,1493,1510,1547,1517,1559,1593,1638,1645,1690,1692,1703,1838,1808,1923,1921,1972,2001,1998,2046,2162,2195,2199,2239,2253,2324,2360,2369,2429,2500,2513,2534,2622,2688,2691,2743,2817,2848,2831,2876,3030
H11,391,373,390,363,359,376,403,448,473,530,602,712,846,950,1093,1264,1462,1720,1823,1888,1983,2121,2139,2161,2219,2329,2455,2478,2565,2628,2686,2826,2872,3023,3123,3251,3345,3369,3573,3669,3822,3878,3970,4054,4252,4357,4491,4729,4838,4902,4999,5127,5340,5416,5554,5688,5738,5796,5956,6110
H12,378,403,379,398,389,399,416,456,490,555,647,728,849,990,1127,1353,1561,1760,1767,1860,1915,1913,1938,1961,2002,1995,2033,2051,2102,2134,2170,2178,2229,2330,2354,2407,2381,2431,2450,2577,2569,2653,2714,2771,2845,2893,2997,3028,3094,3192,3245,3343,3375,3422,3573,3637,3654,3624,3727,3870
