Cycle Nr.,1,2,3,4,5,6,7,8,9,10,11,12,13,14,15,16,17,18,19,20,21,22,23,24,25,26,27,28,29,30,31,32,33,34,35,36,37,38,39,40,41,42,43,44,45,46,47,48,49,50,51,52,53,54,55,56,57,58,59,60,61
Time [s],0,1020.8,2040.8,3060.8,4080.8,5100.8,6120.8,7140.8,8160.8,9180.8,10200.8,11220.8,12240.8,13260.8,14280.8,15300.8,16320.8,17340.8,18360.8,19380.8,20400.8,21420.8,22440.8,23460.8,24480.8,25500.8,26520.8,27540.8,28560.8,29580.8,30600.8,31620.9,32640.9,33660.9,34680.9,35700.8,36720.9,37740.9,38760.9,39780.9,40800.9,41820.9,42840.9,43860.9,44880.7,45900.7,46920.7,47940.7,48960.7,49980.7,51000.7,52020.7,53040.7,54060.7,55080.7,56100.7,57120.7,58140.7,59160.7,60180.7,61200.7
Temp. [°C],36.6,36.9,36.8,37.1,36.9,37.1,36.9,37,36.9,37.2,37.1,37,37.1,37.1,36.9,37.1,37.1,37,36.8,37,37,37,36.9,36.8,36.8,37.1,37.1,36.9,37.2,37,37.2,36.9,37.2,36.9,37.1,37.1,37.2,37,36.8,37.1,37,36.8,37,37,37.3,37.3,36.9,37,37.1,37.1,37.2,37.2,37.2,37,37.1,37.2,37,37.2,36.9,37,37
A1,0.056499999,0.057,0.058600001,0.061700001,0.066200003,0.071500003,0.080200002,0.0924,0.106700003,0.125300005,0.148100004,0.175300002,0.203999996,0.237800002,0.275900006,0.311800003,0.356000006,0.403200001,0.449699998,0.488400012,0.484600008,0.481900007,0.480100006,0.479000002,0.476999998,0.479400009,0.477800012,0.479999989,0.480100006,0.480599999,0.4833,0.484600008,0.485599995,0.490999997,0.496600002,0.500199974,0.506200016,0.511900008,0.513599992,0.517499983,0.522099972,0.526799977,0.528900027,0.531799972,0.538200021,0.541400015,0.54430002,0.546899974,0.55339998,0.556200028,0.558000028,0.560000002,0.56309998,0.565500021,0.569299996,0.572300017,0.574599981,0.575900018,0.578800023,0.581499994,0.584800005
A2,0.057700001,0.058400001,0.060699999,0.064099997,0.068300001,0.075000003,0.084799998,0.097499996,0.112899996,0.133900002,0.159500003,0.188199997,0.218899995,0.253800005,0.289900005,0.331400007,0.377099991,0.425399989,0.47209999,0.487199992,0.487800002,0.484499991,0.485399991,0.483999997,0.483700007,0.485199988,0.485399991,0.486299992,0.487699986,0.48969999,0.493499994,0.496600002,0.500100017,0.509599984,0.514599979,0.518700004,0.523800015,0.527800024,0.533100009,0.537199974,0.541499972,0.54610002,0.550499976,0.554499984,0.559400022,0.563799977,0.567600012,0.57069999,0.575900018,0.581099987,0.583999991,0.586799979,0.591000021,0.594699979,0.599300027,0.601999998,0.606100023,0.609799981,0.612399995,0.61589998,0.619499981
A3,0.059700001,0.055399999,0.056499999,0.058800001,0.0623,0.065899998,0.071699999,0.080600001,0.091499999,0.104000002,0.120499998,0.142399997,0.165199995,0.192200005,0.221399993,0.2509,0.282499999,0.321700007,0.362800002,0.402799994,0.424400002,0.424800009,0.423299998,0.421600014,0.422199994,0.421499997,0.421600014,0.422899991,0.423200011,0.423700005,0.426499993,0.42809999,0.432000011,0.442000002,0.447299987,0.449600011,0.455199987,0.460399985,0.463999987,0.467299998,0.470800012,0.476399988,0.479900003,0.482300013,0.488900006,0.492000014,0.494899988,0.498199999,0.503400028,0.507200003,0.507700026,0.511699975,0.512799978,0.518100023,0.520500004,0.522000015,0.525200009,0.524800003,0.529999971,0.529699981,0.531899989
A4,0.054200001,0.055199999,0.056899998,0.059599999,0.063600004,0.068499997,0.076300003,0.087499999,0.101999998,0.121100001,0.144099996,0.172299996,0.202800006,0.237599999,0.275999993,0.315299988,0.361999989,0.410299987,0.459100008,0.493400008,0.488299996,0.485500008,0.483599991,0.483200014,0.482499987,0.48269999,0.482499987,0.483799994,0.483900011,0.485700011,0.487500012,0.489199996,0.490799993,0.494399995,0.49970001,0.505400002,0.511099994,0.516099989,0.519999981,0.524500012,0.528900027,0.532299995,0.536199987,0.540000022,0.545000017,0.549600005,0.553600013,0.557099998,0.56160003,0.565900028,0.569100022,0.572899997,0.576600015,0.5801,0.584800005,0.587899983,0.591700018,0.594699979,0.59859997,0.602100015,0.605599999
A5,0.056000002,0.0568,0.058699999,0.061900001,0.066299997,0.072099999,0.081200004,0.093599997,0.108499996,0.128800005,0.153400004,0.181899995,0.214399993,0.249699995,0.287200004,0.328500003,0.3741,0.421600014,0.467999995,0.484499991,0.486999989,0.484100014,0.483599991,0.483200014,0.483599991,0.483799994,0.484600008,0.485500008,0.487500012,0.488799989,0.492399991,0.494500011,0.497200012,0.506600022,0.513300002,0.517199993,0.522400022,0.528199971,0.531799972,0.536899984,0.540199995,0.54549998,0.549899995,0.55400002,0.559300005,0.562699974,0.566900015,0.57069999,0.576900005,0.580200017,0.583800018,0.587800026,0.591300011,0.594699979,0.599900007,0.601700008,0.605700016,0.609200001,0.612900019,0.615400016,0.619599998
A6,0.052099999,0.052499998,0.053199999,0.054499999,0.056400001,0.0592,0.0623,0.066,0.069899999,0.073799998,0.077799998,0.081699997,0.086499996,0.0924,0.098099999,0.106700003,0.115900002,0.127200007,0.140100002,0.152799994,0.166700006,0.181400001,0.197099999,0.213599995,0.230599999,0.246000007,0.260199994,0.271699995,0.283600003,0.293500006,0.302399993,0.313699991,0.326000005,0.340200007,0.353700012,0.360399991,0.3583,0.356999993,0.355199993,0.353599995,0.349099994,0.345200002,0.341600001,0.337199986,0.334800005,0.332899988,0.332899988,0.332300007,0.333000004,0.333999991,0.334199995,0.336100012,0.338099986,0.339100003,0.341300011,0.343499988,0.346100003,0.349000007,0.352100015,0.353700012,0.356599987
A7,0.054400001,0.054900002,0.056200001,0.058400001,0.061500002,0.065899998,0.071800001,0.081799999,0.094599999,0.1105,0.128600001,0.152400002,0.177100003,0.205699995,0.238900006,0.274500012,0.310799986,0.354600012,0.402700007,0.448599994,0.4736,0.473500013,0.470999986,0.469799995,0.469700009,0.468800008,0.469000012,0.469900012,0.470400006,0.471300006,0.47420001,0.476500005,0.479799986,0.486799985,0.494300008,0.496699989,0.502200007,0.508400023,0.511799991,0.51730001,0.519500017,0.525699973,0.529399991,0.533299983,0.538699985,0.543099999,0.546700001,0.550899983,0.555199981,0.560000002,0.56190002,0.566699982,0.570500016,0.574899972,0.578299999,0.581799984,0.586099982,0.587400019,0.593100011,0.595499992,0.598999977
A8,0.054000001,0.054099999,0.055399999,0.0579,0.061099999,0.065300003,0.070799999,0.079099998,0.0902,0.102399997,0.117700003,0.135499999,0.157199994,0.183699995,0.216299996,0.251700014,0.290499985,0.334199995,0.381199986,0.429899991,0.443899989,0.449000001,0.445800006,0.445499986,0.443300009,0.443899989,0.446099997,0.44780001,0.446700007,0.448799998,0.449000001,0.451700002,0.45570001,0.458700001,0.463400006,0.469399989,0.474999994,0.478799999,0.482300013,0.486600012,0.492599994,0.497500002,0.500800014,0.506799996,0.513100028,0.517199993,0.523899972,0.531099975,0.535000026,0.537400007,0.546299994,0.551800013,0.556599975,0.562699974,0.564199984,0.573499978,0.575900018,0.582400024,0.587000012,0.591899991,0.595000029
A9,0.054299999,0.055799998,0.057700001,0.060800001,0.064900003,0.069899999,0.077399999,0.089000002,0.101700001,0.117799997,0.136299998,0.158899993,0.181999996,0.211700007,0.246700004,0.280499995,0.320800006,0.367500007,0.414099991,0.447499991,0.44659999,0.444900006,0.444000006,0.442699999,0.441000015,0.442999989,0.442000002,0.443899989,0.444599986,0.445600003,0.448399991,0.452100009,0.455300003,0.462099999,0.468100011,0.4718,0.479499996,0.483200014,0.487199992,0.490999997,0.495499998,0.500400007,0.504700005,0.509299994,0.515200019,0.519200027,0.522899985,0.526799977,0.532299995,0.536000013,0.537999988,0.541499972,0.545700014,0.549199998,0.553600013,0.557299972,0.560400009,0.563399971,0.566500008,0.567799985,0.571799994
A10,0.055399999,0.0557,0.056899998,0.0594,0.062700003,0.067000002,0.072999999,0.082099997,0.092799999,0.105499998,0.1197,0.1382,0.158000007,0.182799995,0.212400004,0.244200006,0.280400008,0.322699994,0.368000001,0.410400003,0.431300014,0.4296,0.42809999,0.427300006,0.425099999,0.426099986,0.426299989,0.426800013,0.426999986,0.427599996,0.4296,0.432500005,0.432799995,0.439700007,0.4472,0.450800002,0.457199991,0.461699992,0.465000004,0.467599988,0.471199989,0.474999994,0.477899998,0.481599987,0.488499999,0.491899997,0.495000005,0.498699993,0.505599976,0.508599997,0.50940001,0.512600005,0.515200019,0.519900024,0.525300026,0.52670002,0.529500008,0.530600011,0.535099983,0.538299978,0.539699972
A11,0.054200001,0.053599998,0.054699998,0.056400001,0.059300002,0.062600002,0.066299997,0.071800001,0.079899997,0.091399997,0.1021,0.116300002,0.133399993,0.152500004,0.175300002,0.200299993,0.231099993,0.264200002,0.302599996,0.347299993,0.391600013,0.430299997,0.435900003,0.433200002,0.431499988,0.433899999,0.430999994,0.432000011,0.434199989,0.435299993,0.435799986,0.439799994,0.441799998,0.44659999,0.451799989,0.460099995,0.467299998,0.469900012,0.473699987,0.477100015,0.481299996,0.485900015,0.489499986,0.495000005,0.497399986,0.501100004,0.505299985,0.506699979,0.512499988,0.514999986,0.515200019,0.51910001,0.522000015,0.523800015,0.526600003,0.528299987,0.530700028,0.53460002,0.535099983,0.537199974,0.540400028
A12,0.050000001,0.049600001,0.049199998,0.0493,0.049199998,0.0495,0.0491,0.0491,0.0491,0.049600001,0.049199998,0.049400002,0.048900001,0.049600001,0.049400002,0.049199998,0.0493,0.049400002,0.049400002,0.049400002,0.0493,0.049400002,0.0493,0.049699999,0.0493,0.0495,0.049400002,0.0495,0.049400002,0.049699999,0.049699999,0.049899999,0.049699999,0.0495,0.049800001,0.0495,0.049800001,0.049699999,0.0495,0.049699999,0.049600001,0.049600001,0.0495,0.049699999,0.049899999,0.049699999,0.049899999,0.050099999,0.0502,0.049800001,0.049899999,0.050000001,0.049800001,0.049899999,0.049899999,0.050000001,0.049699999,0.049800001,0.050099999,0.0502,0.049699999
B1,0.056499999,0.057300001,0.058800001,0.0612,0.064900003,0.069700003,0.075900003,0.086099997,0.098800004,0.113399997,0.131699994,0.156499997,0.1831,0.216000006,0.250999987,0.289600015,0.327800006,0.372999996,0.42019999,0.466800004,0.498100013,0.494100004,0.49149999,0.490799993,0.491299987,0.49059999,0.49059999,0.493900001,0.493900001,0.496699989,0.49849999,0.500800014,0.505200028,0.513100028,0.516900003,0.523299992,0.528199971,0.532299995,0.535300016,0.540099978,0.5449,0.549600005,0.555499971,0.559899986,0.565100014,0.568499982,0.573800027,0.579100013,0.583100021,0.588199973,0.592899978,0.59740001,0.599500001,0.603200018,0.606899977,0.610700011,0.613300026,0.616299987,0.619599998,0.62349999,0.627900004
B2,0.0546,0.055100001,0.056499999,0.058800001,0.0623,0.066500001,0.072499998,0.081900001,0.092900001,0.105700001,0.120999999,0.140499994,0.162499994,0.189799994,0.220799997,0.254099995,0.289999992,0.33129999,0.374500006,0.419400007,0.448300004,0.446399987,0.443699986,0.443399996,0.443899989,0.443300009,0.444900006,0.44690001,0.447499991,0.449499995,0.450700015,0.452600002,0.45480001,0.457899988,0.460200012,0.465799987,0.473399997,0.477800012,0.481400013,0.486200005,0.49059999,0.494399995,0.499000013,0.503499985,0.507600009,0.511099994,0.515500009,0.520399988,0.523599982,0.528299987,0.533200026,0.536599994,0.540700018,0.543799996,0.548300028,0.551400006,0.555000007,0.558200002,0.562699974,0.565299988,0.569999993
B3,0.0539,0.054099999,0.054699998,0.055500001,0.057100002,0.059599999,0.062199999,0.066399999,0.072400004,0.080700003,0.090499997,0.103600003,0.1184,0.132799998,0.149100006,0.169200003,0.1919,0.2174,0.245700002,0.276800007,0.31279999,0.342400014,0.343400002,0.343600005,0.341699988,0.338800013,0.338,0.335799992,0.335000008,0.333700001,0.332899988,0.337199986,0.339599997,0.33919999,0.33950001,0.338800013,0.338800013,0.338400006,0.338099986,0.33860001,0.337599993,0.339599997,0.342000008,0.342500001,0.341500014,0.342500001,0.345899999,0.349299997,0.347900003,0.349400014,0.350400001,0.351700008,0.352699995,0.354699999,0.355300009,0.356599987,0.358999997,0.360100001,0.363700002,0.364600003,0.370200008
B4,0.054900002,0.055199999,0.056699999,0.059099998,0.0623,0.066500001,0.072400004,0.081500001,0.0933,0.107500002,0.126300007,0.150399998,0.175099999,0.203299999,0.234899998,0.26789999,0.304500014,0.347600013,0.392199993,0.435900003,0.453500003,0.451799989,0.451099992,0.450800002,0.450199992,0.449999988,0.451099992,0.453700006,0.455199987,0.458200008,0.459600002,0.462300003,0.468400002,0.475300014,0.481299996,0.486499995,0.49180001,0.496100009,0.49849999,0.503600001,0.508000016,0.512399972,0.51819998,0.522700012,0.528400004,0.532500029,0.53640002,0.541000009,0.545599997,0.548399985,0.552600026,0.555800021,0.558600009,0.563499987,0.566600025,0.5722,0.574299991,0.575900018,0.581200004,0.584299982,0.587800026
B5,0.054699998,0.055799998,0.057399999,0.059799999,0.063199997,0.067199998,0.073299997,0.082400002,0.093099996,0.1061,0.123400003,0.144899994,0.167600006,0.192200005,0.219300002,0.246299997,0.27790001,0.318599999,0.358500004,0.393700004,0.404900014,0.406500012,0.403200001,0.407499999,0.407900006,0.404100001,0.40959999,0.4093,0.412499994,0.415499985,0.417199999,0.423900008,0.429500014,0.436199993,0.440299988,0.443899989,0.44569999,0.452699989,0.456400007,0.459899992,0.462900013,0.469500005,0.474799991,0.478300005,0.4815,0.485599995,0.48969999,0.494300008,0.496699989,0.499000013,0.505299985,0.50819999,0.509299994,0.515399993,0.5176,0.519200027,0.523599982,0.523500025,0.528400004,0.530399978,0.534300029
B6,0.054400001,0.056600001,0.059700001,0.062600002,0.067299999,0.072999999,0.081900001,0.092799999,0.1052,0.1219,0.142700002,0.166800007,0.192699999,0.220500007,0.250499994,0.286799997,0.327699989,0.372000009,0.419200003,0.458400011,0.456699997,0.457100004,0.458099991,0.457100004,0.458400011,0.460399985,0.460000008,0.461899996,0.463400006,0.466699988,0.470699996,0.473500013,0.477299988,0.483999997,0.490500003,0.495499998,0.501600027,0.506900013,0.512099981,0.517199993,0.522899985,0.528599978,0.532599986,0.537500024,0.544399977,0.549000025,0.55430001,0.559199989,0.565500021,0.57099998,0.574999988,0.58069998,0.586000025,0.591499984,0.596300006,0.599399984,0.603900015,0.609499991,0.612900019,0.617699981,0.621900022
B7,0.054900002,0.0568,0.058899999,0.0616,0.065300003,0.071000002,0.077600002,0.086599998,0.097800002,0.110799998,0.129700005,0.150099993,0.173299998,0.200200006,0.230199993,0.261299998,0.296700001,0.341699988,0.38409999,0.426800013,0.433499992,0.433099985,0.431800008,0.432799995,0.433600009,0.432700008,0.435499996,0.439200014,0.439700007,0.444900006,0.450700015,0.457399994,0.461400002,0.467299998,0.470800012,0.476700008,0.481299996,0.484100014,0.488799989,0.493299991,0.499000013,0.503600001,0.507200003,0.512099981,0.51730001,0.518700004,0.523199976,0.529600024,0.529399991,0.536300004,0.539900005,0.541999996,0.544399977,0.548500001,0.551299989,0.554499984,0.557200015,0.557600021,0.562600017,0.565999985,0.568799973
B8,0.054200001,0.054400001,0.054200001,0.055100001,0.056400001,0.058400001,0.061000001,0.064599998,0.0682,0.075000003,0.083099999,0.092200004,0.103,0.112899996,0.1237,0.138600007,0.1567,0.178299993,0.200100005,0.231099993,0.255699992,0.310699999,0.340900004,0.344300002,0.354000002,0.35620001,0.35589999,0.35769999,0.356000006,0.359200001,0.365099996,0.372799993,0.378100008,0.384200007,0.389699996,0.398400009,0.406899989,0.415600002,0.421200007,0.42930001,0.438300014,0.4463,0.453200012,0.461199999,0.467500001,0.472499996,0.479699999,0.486799985,0.4903,0.4991,0.505400002,0.510299981,0.518000007,0.525300026,0.532000005,0.540799975,0.548500001,0.551199973,0.562099993,0.568300009,0.573400021
B9,0.0579,0.056899998,0.0579,0.059999999,0.063699998,0.068099998,0.074500002,0.084799998,0.095299996,0.108900003,0.125799999,0.145600006,0.165600002,0.191499993,0.221000001,0.249500006,0.283300012,0.325800002,0.366100013,0.406599999,0.414400011,0.413199991,0.41170001,0.412299991,0.413100004,0.411000013,0.413800001,0.416200012,0.416500002,0.419,0.421900004,0.426800013,0.432099998,0.438300014,0.442000002,0.4472,0.450399995,0.453700006,0.458000004,0.462599993,0.465799987,0.471300006,0.476099998,0.480599999,0.484299988,0.487199992,0.49090001,0.496199995,0.497500002,0.502200007,0.506500006,0.508599997,0.510999978,0.515999973,0.519200027,0.521899998,0.524900019,0.524200022,0.530600011,0.532500029,0.535700023
B10,0.0548,0.056000002,0.056899998,0.058699999,0.061799999,0.064900003,0.070200004,0.077699997,0.086999998,0.098800004,0.114,0.131300002,0.150299996,0.173600003,0.200399995,0.227599993,0.260100007,0.299400002,0.339599997,0.380299985,0.394699991,0.397000015,0.395200014,0.395900011,0.394699991,0.393900007,0.397000015,0.400099993,0.403499991,0.407799989,0.413800001,0.419800013,0.423700005,0.431199998,0.433999986,0.439599991,0.443199992,0.446999997,0.451700002,0.4551,0.461199999,0.465600014,0.470200002,0.474799991,0.476799995,0.478300005,0.482899994,0.485900015,0.486000001,0.491100013,0.494700015,0.494599998,0.495900005,0.501900017,0.49939999,0.503700018,0.505599976,0.503799975,0.510100007,0.510399997,0.513899982
B11,0.059500001,0.0581,0.0594,0.0614,0.064400002,0.068999998,0.075400002,0.083499998,0.091899998,0.104599997,0.118500002,0.1347,0.153400004,0.176300004,0.199699998,0.227599993,0.259000003,0.296299994,0.331499994,0.353100002,0.355800003,0.356000006,0.355100006,0.354900003,0.355199993,0.355399996,0.35710001,0.359100014,0.359899998,0.362899989,0.363299996,0.366699994,0.370999992,0.380299985,0.381500006,0.388399988,0.393700004,0.394199997,0.396100014,0.399199992,0.404199988,0.409000009,0.412699997,0.417800009,0.418199986,0.421799988,0.428499997,0.428000003,0.429899991,0.435200006,0.438300014,0.438800007,0.439900011,0.445899993,0.446500003,0.449699998,0.449499995,0.451599985,0.456099987,0.456699997,0.462500006
B12,0.053399999,0.053300001,0.054099999,0.055599999,0.057799999,0.0603,0.064000003,0.069700003,0.0779,0.086999998,0.097199999,0.109899998,0.123999998,0.143299997,0.163900003,0.185499996,0.214000002,0.244800001,0.277700007,0.319200009,0.356999993,0.350499988,0.348699987,0.349400014,0.347000003,0.345200002,0.34709999,0.343699992,0.34740001,0.350400001,0.34709999,0.352899998,0.363799989,0.363999993,0.372700006,0.37470001,0.380600005,0.388500005,0.39379999,0.398999989,0.402700007,0.405900002,0.41960001,0.417400003,0.423700005,0.428299993,0.431899995,0.438699991,0.445600003,0.442900002,0.450300008,0.46329999,0.472600013,0.473199993,0.477499992,0.482899994,0.494399995,0.502699971,0.504100025,0.502200007,0.513199985
C1,0.054400001,0.054400001,0.055599999,0.057599999,0.061299998,0.065800004,0.071900003,0.081600003,0.094400004,0.109999999,0.131099999,0.156000003,0.1822,0.211099997,0.245399997,0.282200009,0.320199996,0.364800006,0.407999992,0.451900005,0.489499986,0.489199996,0.486000001,0.482499987,0.484499991,0.481000006,0.486000001,0.483200014,0.4833,0.485599995,0.488200009,0.488200009,0.493000001,0.492700011,0.502499998,0.504800022,0.511300027,0.515399993,0.518400013,0.527400017,0.529600024,0.532100022,0.539300025,0.543200016,0.545400024,0.551100016,0.555700004,0.558200002,0.561800003,0.569700003,0.571200013,0.574199975,0.57889998,0.582599998,0.585200012,0.587800026,0.595499992,0.599799991,0.603900015,0.612800002,0.610499978
C2,0.055199999,0.054699998,0.057500001,0.0594,0.0625,0.066600002,0.071599998,0.079999998,0.091700003,0.103600003,0.1171,0.135299996,0.155900002,0.1822,0.202700004,0.231999993,0.26789999,0.302300006,0.348699987,0.390700012,0.432099998,0.44569999,0.444900006,0.441900015,0.440200001,0.449400008,0.443199992,0.443100005,0.443800002,0.443599999,0.450199992,0.453700006,0.453399986,0.453000009,0.454299986,0.464399993,0.467400014,0.477299988,0.480399996,0.482800007,0.486600012,0.496100009,0.499599993,0.500999987,0.506099999,0.510900021,0.516300023,0.514900029,0.522000015,0.527199984,0.531700015,0.537699997,0.546500027,0.546800017,0.548799992,0.553799987,0.557900012,0.558600009,0.559800029,0.565100014,0.570900023
C3,0.0546,0.055799998,0.057,0.059599999,0.063199997,0.067900002,0.074900001,0.083999999,0.094300002,0.107799999,0.123899996,0.142900005,0.165099993,0.193299994,0.221100003,0.251199991,0.287999988,0.328299999,0.370599985,0.407000005,0.404399991,0.405299991,0.40259999,0.404000014,0.40200001,0.406500012,0.404199988,0.405299991,0.406599999,0.408499986,0.414000005,0.414999992,0.418099999,0.421099991,0.428000003,0.437099993,0.439300001,0.446999997,0.448500007,0.45449999,0.456699997,0.462799996,0.467400014,0.470899999,0.475899994,0.479099989,0.483999997,0.484400004,0.492300004,0.495099992,0.497000009,0.504899979,0.50910002,0.511399984,0.514400005,0.517400026,0.520399988,0.521200001,0.523400009,0.525099993,0.531000018
C4,0.052900001,0.055,0.056299999,0.058499999,0.061999999,0.065899998,0.072300002,0.082099997,0.093599997,0.107900001,0.125400007,0.144500002,0.165800005,0.191599995,0.218700007,0.249599993,0.287099987,0.328500003,0.375499994,0.416299999,0.428299993,0.42930001,0.425900012,0.426200002,0.425700009,0.428200007,0.426999986,0.426400006,0.428900003,0.42809999,0.433600009,0.434599996,0.435499996,0.438699991,0.447100014,0.455199987,0.456999987,0.465799987,0.468400002,0.474299997,0.476700008,0.482300013,0.487100005,0.490500003,0.495799989,0.500199974,0.507300019,0.505900025,0.511900008,0.516200006,0.520600021,0.525099993,0.529799998,0.531000018,0.536499977,0.538399994,0.544200003,0.54339999,0.546000004,0.549300015,0.553300023
C5,0.0526,0.053800002,0.054699998,0.057,0.0605,0.064800002,0.071400002,0.081500001,0.094300002,0.1105,0.133200005,0.160400003,0.191799998,0.227899998,0.266000003,0.304500014,0.349999994,0.397399992,0.446799994,0.48969999,0.492300004,0.491100013,0.489800006,0.489600003,0.489600003,0.490700007,0.490799993,0.49090001,0.493499994,0.495400012,0.4991,0.501500011,0.505400002,0.512300015,0.518400013,0.524100006,0.528199971,0.534399986,0.538900018,0.544799984,0.547999978,0.55400002,0.559800029,0.564899981,0.570200026,0.574999988,0.581200004,0.584599972,0.589999974,0.595899999,0.599500001,0.605300009,0.611100018,0.614099979,0.619000018,0.622500002,0.627600014,0.631099999,0.635399997,0.638899982,0.64289999
C6,0.056200001,0.055199999,0.0568,0.060199998,0.064999998,0.071099997,0.080399998,0.093500003,0.107699998,0.125599995,0.149200007,0.176300004,0.207300007,0.243799999,0.282499999,0.328000009,0.373100013,0.424100012,0.47330001,0.510999978,0.505500019,0.502300024,0.503300011,0.500800014,0.502300024,0.503300011,0.504199982,0.501999974,0.504599989,0.506099999,0.508700013,0.514400005,0.519200027,0.525200009,0.528800011,0.533800006,0.537500024,0.541400015,0.545599997,0.551199973,0.55430001,0.559800029,0.565900028,0.568099976,0.57130003,0.575900018,0.581900001,0.584399998,0.588199973,0.594500005,0.597500026,0.602199972,0.603500009,0.60680002,0.611299992,0.612600029,0.616299987,0.619400024,0.621100009,0.62440002,0.628400028
C7,0.0526,0.054200001,0.055199999,0.057700001,0.0616,0.065899998,0.073200002,0.082900003,0.095799997,0.113300003,0.136700004,0.162799999,0.192699999,0.227300003,0.262499988,0.300099999,0.342099994,0.386099994,0.432300001,0.4542,0.453299999,0.451000005,0.449800015,0.449900001,0.449299991,0.451999992,0.451200008,0.452699989,0.455000013,0.456099987,0.460900009,0.461800009,0.467900008,0.474700004,0.481999993,0.488499999,0.49059999,0.49880001,0.50029999,0.508300006,0.510999978,0.517199993,0.524600029,0.530099988,0.533900023,0.539699972,0.545400024,0.547699988,0.552999973,0.559400022,0.561200023,0.567399979,0.572700024,0.574699998,0.578400016,0.581399977,0.585699976,0.588800013,0.591499984,0.595899999,0.601999998
C8,0.052900001,0.053100001,0.054400001,0.056899998,0.0603,0.064300001,0.070100002,0.079499997,0.091200002,0.1065,0.125499994,0.147,0.168400005,0.192399994,0.221200004,0.249799997,0.283600003,0.326900005,0.367599994,0.414400011,0.4296,0.432399988,0.433200002,0.43630001,0.435000002,0.438199997,0.442000002,0.450899988,0.451499999,0.45539999,0.462799996,0.467500001,0.475300014,0.484400004,0.492300004,0.495799989,0.502300024,0.509299994,0.512899995,0.51730001,0.525600016,0.533399999,0.534500003,0.541000009,0.551900029,0.555299997,0.560699999,0.564700007,0.57160002,0.574000001,0.577799976,0.580200017,0.585699976,0.594099999,0.594600022,0.605700016,0.605000019,0.60769999,0.619599998,0.622600019,0.620500028
C9,0.0557,0.055300001,0.056400001,0.058800001,0.062100001,0.066500001,0.073399998,0.082699999,0.093599997,0.104599997,0.119400002,0.135499999,0.156599999,0.180600002,0.207599998,0.240600005,0.273999989,0.316300005,0.361499995,0.402500004,0.404300004,0.401600003,0.4014,0.401199997,0.4014,0.403600007,0.402099997,0.405400008,0.408499986,0.409799993,0.418500006,0.421299994,0.42750001,0.432799995,0.439399988,0.448399991,0.449800015,0.460700005,0.462399989,0.469199985,0.47299999,0.481400013,0.490099996,0.493000001,0.496100009,0.505999982,0.509500027,0.513000011,0.519200027,0.528699994,0.530399978,0.538600028,0.542400003,0.545599997,0.547299981,0.552299976,0.557299972,0.559000015,0.563000023,0.566399992,0.574100018
C10,0.057999998,0.0568,0.058400001,0.0603,0.063100003,0.067100003,0.072800003,0.080600001,0.091399997,0.103299998,0.1175,0.136000007,0.156399995,0.181400001,0.211400002,0.242799997,0.279700011,0.323000014,0.370499998,0.412600011,0.430000007,0.430700004,0.427899987,0.427599996,0.424400002,0.426099986,0.424699992,0.425700009,0.4278,0.426400006,0.431300014,0.430799991,0.433600009,0.434199989,0.438899994,0.447600007,0.450399995,0.461100012,0.460599989,0.465700001,0.466100007,0.474299997,0.477200002,0.479099989,0.485100001,0.489199996,0.493299991,0.494899988,0.499199987,0.504800022,0.504400015,0.511500001,0.514100015,0.515999973,0.518599987,0.521099985,0.525200009,0.525600016,0.528900027,0.530600011,0.536199987
C11,0.057799999,0.057300001,0.058600001,0.0614,0.064999998,0.069499999,0.075900003,0.084399998,0.094499998,0.105400004,0.118799999,0.135000005,0.152700007,0.1743,0.197600007,0.223700002,0.254599989,0.291999996,0.327300012,0.369800001,0.401800007,0.401600003,0.399100006,0.398000002,0.395900011,0.401199997,0.397399992,0.401199997,0.4023,0.403499991,0.404000014,0.407200009,0.410899997,0.411500007,0.413599998,0.421299994,0.428000003,0.435400009,0.436699987,0.441300005,0.443500012,0.451499999,0.453099996,0.457300007,0.459399998,0.463800013,0.470200002,0.474000007,0.47420001,0.480699986,0.481299996,0.488299996,0.494399995,0.494399995,0.497399986,0.501900017,0.505200028,0.509800017,0.513700008,0.513700008,0.520299971
C12,0.0528,0.0535,0.054699998,0.056499999,0.059,0.0625,0.067199998,0.074600004,0.084100001,0.094999999,0.108400002,0.123300001,0.139899999,0.1611,0.185599998,0.211999998,0.244399995,0.281500012,0.323700011,0.365399987,0.402399987,0.399500012,0.397399992,0.397500008,0.394300014,0.397199988,0.394899994,0.395799995,0.398999989,0.398600012,0.40259999,0.403800011,0.412600011,0.416999996,0.423500001,0.4278,0.431100011,0.439500004,0.43810001,0.442999989,0.44659999,0.453099996,0.457199991,0.460999996,0.46540001,0.470200002,0.47420001,0.477299988,0.48120001,0.485599995,0.486600012,0.493499994,0.497500002,0.497999996,0.500899971,0.504199982,0.504400015,0.507099986,0.509500027,0.512399972,0.515399993
D1,0.053300001,0.054099999,0.055199999,0.0568,0.059300002,0.062799998,0.067400001,0.074699998,0.084899999,0.096900001,0.111299999,0.132100001,0.155100003,0.183400005,0.214399993,0.246299997,0.280000001,0.316799998,0.359400004,0.400700003,0.442499995,0.449600011,0.447100014,0.448100001,0.442499995,0.443500012,0.44479999,0.444099993,0.4463,0.44659999,0.446700007,0.452600002,0.451400012,0.460399985,0.467799991,0.470600009,0.474400014,0.481000006,0.486000001,0.488099992,0.490500003,0.497700006,0.502499998,0.504100025,0.509599984,0.512099981,0.518599987,0.519599974,0.523500025,0.529600024,0.532299995,0.538600028,0.538399994,0.542400003,0.545700014,0.545700014,0.551999986,0.5528,0.556100011,0.559199989,0.56190002
D2,0.055100001,0.055500001,0.056400001,0.057999998,0.060600001,0.0638,0.068400003,0.075199999,0.084200002,0.094499998,0.108199999,0.125599995,0.144999996,0.168400005,0.194700003,0.2236,0.257800013,0.294400007,0.33829999,0.381000012,0.421200007,0.425900012,0.425399989,0.425500006,0.421200007,0.421600014,0.423900008,0.423299998,0.425700009,0.426099986,0.425999999,0.432599992,0.435099989,0.444099993,0.448500007,0.452899993,0.457300007,0.462500006,0.468300015,0.471100003,0.476000011,0.482600004,0.486699998,0.491400003,0.495900005,0.498699993,0.505400002,0.508599997,0.511099994,0.517400026,0.522099972,0.528900027,0.531799972,0.534500003,0.541000009,0.540199995,0.546400011,0.549899995,0.554400027,0.555899978,0.559400022
D3,0.055300001,0.0561,0.057300001,0.0592,0.061999999,0.0656,0.070500001,0.078000002,0.087899998,0.098700002,0.113200001,0.131400004,0.150700003,0.175300002,0.201700002,0.229800001,0.264499992,0.301200002,0.342999995,0.384499997,0.41929999,0.418099999,0.417299986,0.417299986,0.412600011,0.413500011,0.413700014,0.415499985,0.417499989,0.418099999,0.418300003,0.423700005,0.427700013,0.4366,0.441900015,0.4454,0.450700015,0.456699997,0.460900009,0.463800013,0.468499988,0.475499988,0.477499992,0.481599987,0.486299992,0.488000006,0.495700002,0.496899992,0.499000013,0.504299998,0.506399989,0.512099981,0.515999973,0.51730001,0.520699978,0.522800028,0.525900006,0.528599978,0.532999992,0.531599999,0.535399973
D4,0.0548,0.055399999,0.056400001,0.057999998,0.0612,0.065499999,0.069700003,0.076700002,0.086599998,0.097800002,0.110799998,0.128900006,0.149599999,0.173299998,0.201199994,0.233600006,0.268599987,0.305000007,0.349599987,0.396299988,0.441100001,0.444499999,0.44600001,0.445199996,0.44690001,0.446500003,0.447400004,0.447899997,0.450599998,0.453399986,0.456400007,0.461600006,0.470099986,0.476599991,0.48089999,0.487100005,0.492399991,0.496499986,0.502900004,0.508099973,0.513999999,0.519800007,0.525900006,0.530499995,0.53549999,0.542400003,0.548399985,0.55400002,0.558799982,0.564999998,0.571099997,0.577099979,0.583599985,0.589399993,0.595899999,0.600600004,0.6074,0.613799989,0.620100021,0.625699997,0.632399976
D5,0.053399999,0.0539,0.055300001,0.057399999,0.060600001,0.064199999,0.069600001,0.0779,0.088399999,0.100599997,0.116499998,0.135700002,0.157199994,0.184400007,0.214900002,0.246000007,0.282799989,0.32280001,0.36649999,0.413100004,0.444599986,0.444999993,0.445199996,0.446099997,0.446700007,0.448300004,0.450199992,0.451499999,0.453200012,0.455199987,0.457800001,0.461199999,0.465799987,0.47330001,0.479000002,0.485000014,0.489399999,0.495299995,0.498899996,0.502900004,0.50849998,0.514400005,0.520600021,0.526199997,0.530900002,0.533699989,0.540400028,0.54519999,0.547999978,0.5528,0.557500005,0.560400009,0.567200005,0.57190001,0.575399995,0.581499994,0.583299995,0.587199986,0.592199981,0.593400002,0.599900007
D6,0.054099999,0.0546,0.056000002,0.0581,0.061099999,0.064900003,0.069899999,0.078500003,0.090400003,0.104099996,0.121699996,0.143399999,0.166400001,0.193499997,0.226400003,0.261700004,0.299699992,0.342400014,0.389499992,0.436199993,0.46450001,0.465299994,0.4639,0.465000004,0.463200003,0.463999987,0.46419999,0.463800013,0.466199994,0.468699992,0.470999986,0.473699987,0.476700008,0.481999993,0.489899993,0.493900001,0.49849999,0.504400015,0.508300006,0.512600005,0.51639998,0.522800028,0.52759999,0.531400025,0.538200021,0.542900026,0.546800017,0.551500022,0.554700017,0.560299993,0.565299988,0.568000019,0.573300004,0.578700006,0.583100021,0.585799992,0.591700018,0.594399989,0.59890002,0.602199972,0.60710001
D7,0.055500001,0.055100001,0.056400001,0.0583,0.061500002,0.065800004,0.071400002,0.0801,0.090999998,0.104099996,0.123099998,0.146200001,0.1734,0.203999996,0.2359,0.2685,0.305900008,0.349299997,0.396299988,0.441199988,0.457599998,0.455900013,0.455500007,0.457100004,0.45570001,0.45629999,0.458400011,0.456900001,0.459100008,0.462000012,0.462599993,0.467500001,0.470600009,0.477899998,0.485599995,0.488900006,0.492199987,0.49849999,0.502099991,0.507399976,0.510399997,0.517700017,0.522199988,0.524900019,0.529999971,0.533800006,0.540899992,0.543900013,0.544799984,0.550599992,0.555800021,0.559000015,0.563499987,0.566999972,0.573300004,0.573300004,0.57950002,0.58160001,0.586300015,0.587199986,0.593299985
D8,0.0528,0.052900001,0.053100001,0.0539,0.055500001,0.057799999,0.060899999,0.064199999,0.068599999,0.075800002,0.0854,0.097800002,0.118799999,0.139500007,0.160699993,0.181199998,0.200499997,0.226500005,0.252999991,0.285699993,0.324200004,0.364499986,0.379500002,0.384499997,0.381300002,0.380699992,0.381199986,0.380199999,0.380100012,0.383300006,0.381799996,0.387600005,0.386099994,0.389699996,0.395300001,0.398900002,0.403600007,0.409399986,0.411000013,0.415499985,0.421600014,0.428299993,0.432700008,0.438699991,0.445100009,0.449299991,0.456499994,0.460700005,0.465299994,0.4718,0.477899998,0.483900011,0.489499986,0.493900001,0.499500006,0.503499985,0.5079,0.512799978,0.519299984,0.521899998,0.528299987
D9,0.056299999,0.057,0.0592,0.061900001,0.0656,0.070299998,0.077100001,0.086599998,0.096500002,0.108199999,0.122400001,0.139300004,0.159199998,0.183799997,0.212200001,0.243300006,0.275999993,0.318699986,0.361799985,0.398699999,0.400999993,0.395500004,0.396800011,0.398900002,0.395000011,0.393999994,0.397100002,0.395000011,0.397500008,0.399800003,0.398099989,0.403800011,0.403600007,0.411599994,0.4208,0.421400011,0.422100008,0.428900003,0.433999986,0.436800003,0.439999998,0.447699994,0.449200004,0.451599985,0.457199991,0.459899992,0.46540001,0.467500001,0.468499988,0.474599987,0.479299992,0.478300005,0.482899994,0.486099988,0.4921,0.49000001,0.496100009,0.494700015,0.501900017,0.502399981,0.505900025
D10,0.055100001,0.055599999,0.0572,0.0592,0.0625,0.066699997,0.072400004,0.080899999,0.0898,0.100199997,0.115099996,0.129700005,0.1479,0.169100002,0.190500006,0.216399998,0.246399999,0.281300008,0.319299996,0.3565,0.364800006,0.360599995,0.362199992,0.362800002,0.359899998,0.359699994,0.362199992,0.361000001,0.363400012,0.366699994,0.368000001,0.376300007,0.380800009,0.386099994,0.394499987,0.395599991,0.397300005,0.402999997,0.406699985,0.411199987,0.414400011,0.42050001,0.422800005,0.426400006,0.431100011,0.433899999,0.4366,0.439999998,0.442099989,0.447400004,0.452100009,0.44780001,0.457300007,0.455900013,0.462599993,0.460500002,0.464899987,0.464399993,0.469000012,0.469599992,0.473199993
D11,0.051199999,0.0513,0.052000001,0.053100001,0.055,0.057799999,0.060899999,0.065499999,0.071999997,0.080799997,0.090099998,0.102200002,0.114299998,0.1294,0.147599995,0.170399994,0.194100007,0.222200006,0.255600005,0.291399986,0.328299999,0.341600001,0.343100011,0.341100007,0.3398,0.339399993,0.339399993,0.338499993,0.3389,0.340799987,0.340799987,0.342900008,0.344500005,0.346700013,0.351200014,0.355500013,0.361699998,0.367000014,0.370700002,0.374300003,0.377799988,0.381500006,0.386400014,0.388700008,0.392199993,0.395900011,0.400400013,0.402500004,0.404100001,0.407999992,0.411799997,0.413599998,0.417800009,0.419200003,0.422699988,0.425000012,0.427700013,0.429800004,0.434100002,0.433899999,0.43810001
D12,0.0561,0.0579,0.059599999,0.061099999,0.064099997,0.0678,0.073600002,0.081699997,0.091600001,0.101599999,0.115999997,0.133599997,0.152899995,0.177000001,0.205699995,0.232299998,0.271800011,0.306800008,0.361799985,0.391499996,0.41170001,0.417199999,0.412699997,0.418300003,0.413700014,0.411500007,0.415100008,0.416099995,0.420599997,0.418799996,0.418300003,0.425900012,0.42930001,0.439999998,0.439599991,0.443699986,0.450899988,0.452499986,0.460700005,0.462799996,0.4639,0.470499992,0.4727,0.482199997,0.479900003,0.485199988,0.494100004,0.494199991,0.492700011,0.5,0.502600014,0.515900016,0.50940001,0.522499979,0.516200006,0.526600003,0.522199988,0.528100014,0.529999971,0.532000005,0.528500021
E1,0.0539,0.053399999,0.054000001,0.054699998,0.056600001,0.0601,0.0625,0.067500003,0.0744,0.082000002,0.091399997,0.103100002,0.116599999,0.131699994,0.150000006,0.170499995,0.194399998,0.219699994,0.2491,0.282200009,0.314900011,0.325399995,0.324900001,0.324499995,0.32069999,0.321799994,0.32190001,0.319400013,0.32159999,0.324900001,0.324699998,0.328900009,0.336499989,0.342900008,0.351099998,0.350600004,0.353899986,0.361099988,0.362899989,0.368000001,0.371800005,0.376800001,0.380600005,0.385500014,0.390500009,0.3926,0.398999989,0.402500004,0.408399999,0.412000001,0.416599989,0.418599993,0.421200007,0.423599988,0.427100003,0.429899991,0.432200015,0.434500009,0.436699987,0.43779999,0.440699995
E2,0.053800002,0.0539,0.054499999,0.0559,0.0581,0.061700001,0.064900003,0.070900001,0.079000004,0.087700002,0.100400001,0.113200001,0.127700001,0.144600004,0.165199995,0.187900007,0.214300007,0.245499998,0.277799994,0.314300001,0.346199989,0.352100015,0.346899986,0.348699987,0.346100003,0.342299998,0.342599988,0.34740001,0.344900012,0.345099986,0.34799999,0.350199997,0.358500004,0.360100001,0.36469999,0.369300008,0.370700002,0.377000004,0.383399993,0.385100007,0.387400001,0.393099994,0.399500012,0.402500004,0.405200005,0.407900006,0.410100013,0.414999992,0.417299986,0.42050001,0.423099995,0.428799987,0.4278,0.433200002,0.433600009,0.435299993,0.43630001,0.443399996,0.442900002,0.444299996,0.442499995
E3,0.054499999,0.053599998,0.0539,0.054900002,0.056699999,0.059700001,0.063100003,0.067699999,0.0748,0.083999999,0.095700003,0.108400002,0.125,0.140900001,0.160799995,0.183300003,0.205799997,0.2359,0.263900012,0.300500006,0.334500015,0.35710001,0.3565,0.358500004,0.354699999,0.352100015,0.352299988,0.354499996,0.354400009,0.356299996,0.362800002,0.368400008,0.372999996,0.375099987,0.380100012,0.383300006,0.38440001,0.389699996,0.395900011,0.397100002,0.40079999,0.404100001,0.409799993,0.4111,0.415100008,0.418000013,0.419999987,0.421299994,0.426699996,0.428499997,0.42930001,0.434500009,0.430299997,0.435099989,0.436199993,0.435200006,0.436199993,0.438899994,0.43779999,0.439900011,0.435299993
E4,0.0526,0.053300001,0.0539,0.055,0.057100002,0.060400002,0.0638,0.069300003,0.077100001,0.0867,0.099699996,0.1149,0.1329,0.152899995,0.178100005,0.204600006,0.231800005,0.265199989,0.298700005,0.33950001,0.372999996,0.384600014,0.381799996,0.384600014,0.382699996,0.381799996,0.382400006,0.382699996,0.38229999,0.38409999,0.385699987,0.388099998,0.3926,0.393000007,0.400900006,0.407599986,0.408100009,0.414200008,0.420899987,0.423900008,0.425599992,0.430299997,0.436699987,0.440800011,0.442600012,0.447899997,0.452499986,0.456200004,0.460999996,0.465000004,0.469300002,0.474400014,0.47330001,0.479299992,0.484699994,0.484699994,0.489899993,0.496499986,0.495999992,0.500100017,0.501500011
E5,0.052700002,0.053300001,0.053800002,0.054699998,0.056699999,0.060699999,0.063699998,0.069399998,0.077699997,0.087099999,0.099100001,0.112099998,0.126399994,0.143199995,0.163200006,0.185699999,0.210600004,0.242500007,0.277200013,0.313499987,0.350699991,0.349700004,0.345600009,0.345299989,0.34009999,0.337300003,0.335999996,0.336699992,0.335799992,0.338,0.344599992,0.347600013,0.349700004,0.351900011,0.354600012,0.358900011,0.358999997,0.361999989,0.366299987,0.368600011,0.370599985,0.372200012,0.377499998,0.376500011,0.381099999,0.384200007,0.38530001,0.387300015,0.389899999,0.39199999,0.393900007,0.395300001,0.39320001,0.397000015,0.397100002,0.396499991,0.398099989,0.4014,0.398799986,0.400999993,0.400700003
E6,0.0502,0.050999999,0.051199999,0.051600002,0.0524,0.0537,0.055500001,0.057399999,0.060199998,0.063100003,0.065899998,0.069300003,0.071999997,0.075999998,0.081299998,0.0867,0.0942,0.102799997,0.112599999,0.126200005,0.138699994,0.152099997,0.165000007,0.179700002,0.194700003,0.210500002,0.226400003,0.241600007,0.253199995,0.263399988,0.270300001,0.277799994,0.287299991,0.296900004,0.300900012,0.297899991,0.295899987,0.29460001,0.288599998,0.283800006,0.277399987,0.272000015,0.268099994,0.265599996,0.264299989,0.263399988,0.264800012,0.266200006,0.26730001,0.271299988,0.273900002,0.27610001,0.278100014,0.281899989,0.285699993,0.287900001,0.291000009,0.294699997,0.297500014,0.299499989,0.300799996
E7,0.050500002,0.0513,0.052099999,0.052999999,0.055,0.058800001,0.062199999,0.068000004,0.077200003,0.088299997,0.102799997,0.118900001,0.136899993,0.158800006,0.187199995,0.218899995,0.252099991,0.291200012,0.332500011,0.379999995,0.417499989,0.416500002,0.413899988,0.414299995,0.412600011,0.412900001,0.413800001,0.41839999,0.41839999,0.421499997,0.423999995,0.433099985,0.439700007,0.443500012,0.448799998,0.453999996,0.457199991,0.462799996,0.469199985,0.474400014,0.477499992,0.482800007,0.489600003,0.494300008,0.497700006,0.503400028,0.507499993,0.514100015,0.515500009,0.523599982,0.527199984,0.532800019,0.536300004,0.540199995,0.544099987,0.547299981,0.554099977,0.558799982,0.564000011,0.566399992,0.568300009
E8,0.052200001,0.052299999,0.052499998,0.0539,0.056299999,0.059999999,0.064300001,0.070699997,0.080799997,0.093999997,0.111500002,0.1329,0.155499995,0.181400001,0.212200001,0.246199995,0.283499986,0.326799989,0.375800014,0.422899991,0.457199991,0.45539999,0.454100013,0.453999996,0.453299999,0.453099996,0.45539999,0.457599998,0.458999991,0.460599989,0.464899987,0.468400002,0.47330001,0.480800003,0.487599999,0.49180001,0.497700006,0.501699984,0.504899979,0.50880003,0.514800012,0.519200027,0.523699999,0.52759999,0.534300029,0.538800001,0.544700027,0.547399998,0.55400002,0.556400001,0.561500013,0.564400017,0.569500029,0.574100018,0.577000022,0.581900001,0.584800005,0.587499976,0.590900004,0.599399984,0.600499988
E9,0.052200001,0.0526,0.052700002,0.054200001,0.056400001,0.060400002,0.064499997,0.071199998,0.080799997,0.092200004,0.107699998,0.126000002,0.146200001,0.169300005,0.195999995,0.228,0.259799987,0.303000003,0.339399993,0.385800004,0.406100005,0.410899997,0.407000005,0.410600007,0.408100009,0.406899989,0.407299995,0.415100008,0.412299991,0.415499985,0.419800013,0.428299993,0.432799995,0.4366,0.442099989,0.447499991,0.449299991,0.453599989,0.459899992,0.46360001,0.465900004,0.471599996,0.475600004,0.480199993,0.484400004,0.4903,0.490500003,0.494899988,0.49849999,0.506299973,0.506699979,0.510100007,0.510599971,0.514900029,0.518700004,0.518400013,0.524100006,0.527199984,0.528500021,0.528100014,0.529900014
E10,0.051600002,0.052299999,0.0526,0.054000001,0.056000002,0.059599999,0.063299999,0.069399998,0.078199998,0.089199997,0.1043,0.118299998,0.135199994,0.153300002,0.176499993,0.203500003,0.231000006,0.269400001,0.303600013,0.346399993,0.372799993,0.377700001,0.372399986,0.376100004,0.371399999,0.370200008,0.371100009,0.379999995,0.379500002,0.382699996,0.389499992,0.396400005,0.4005,0.400999993,0.408600003,0.413100004,0.415199995,0.418799996,0.425799996,0.432300001,0.432799995,0.4366,0.444000006,0.446700007,0.447699994,0.458299995,0.454899997,0.459500015,0.461400002,0.469099999,0.467700005,0.471300006,0.469399989,0.474099994,0.475800008,0.476599991,0.482300013,0.485300005,0.483999997,0.483399987,0.486000001
E11,0.052900001,0.052900001,0.0528,0.053100001,0.0546,0.057399999,0.0612,0.064800002,0.0726,0.081100002,0.093400002,0.108999997,0.125400007,0.144199997,0.162300006,0.187299997,0.216399998,0.247799993,0.278899998,0.321999997,0.360000014,0.405800015,0.416500002,0.420300007,0.418599993,0.419200003,0.42019999,0.4278,0.426400006,0.4278,0.42750001,0.435699999,0.44479999,0.448300004,0.454699993,0.460500002,0.466699988,0.468400002,0.474099994,0.480399996,0.484299988,0.487399995,0.493499994,0.498100013,0.501600027,0.507099986,0.507300019,0.511799991,0.513300002,0.519599974,0.521300018,0.5255,0.527100027,0.527899981,0.53490001,0.535300016,0.538399994,0.544200003,0.54549998,0.544200003,0.549199998
E12,0.0502,0.049899999,0.0493,0.049400002,0.0491,0.049199998,0.048900001,0.048999999,0.0491,0.049199998,0.0491,0.0491,0.048900001,0.049400002,0.0493,0.0491,0.048999999,0.049699999,0.048999999,0.0491,0.048900001,0.049600001,0.0491,0.049199998,0.048999999,0.0491,0.048900001,0.049400002,0.048999999,0.0491,0.048900001,0.048900001,0.049199998,0.0491,0.048999999,0.048900001,0.0491,0.0493,0.048599999,0.049199998,0.048799999,0.048900001,0.048799999,0.049199998,0.048799999,0.048999999,0.0491,0.048799999,0.0491,0.048999999,0.048999999,0.0491,0.0491,0.048700001,0.0491,0.048799999,0.048799999,0.048999999,0.048900001,0.048599999,0.048700001
F1,0.053599998,0.053599998,0.054400001,0.055500001,0.057700001,0.0612,0.064599998,0.070200004,0.0788,0.088799998,0.101899996,0.1184,0.136500001,0.157399997,0.181999996,0.210199997,0.238499999,0.273299992,0.312000006,0.352800012,0.39199999,0.399300009,0.396400005,0.396299988,0.397000015,0.396299988,0.396600008,0.397000015,0.398499996,0.396699995,0.398999989,0.400099993,0.404500008,0.409700006,0.416700006,0.422600001,0.425300002,0.430400014,0.435600013,0.438499987,0.441300005,0.44690001,0.450300008,0.452600002,0.457899988,0.462099999,0.465999991,0.468400002,0.474400014,0.476399988,0.48120001,0.486200005,0.487699986,0.494899988,0.498199999,0.498100013,0.505900025,0.509000003,0.510800004,0.514400005,0.515200019
F2,0.053300001,0.0535,0.054099999,0.055,0.057300001,0.060800001,0.064400002,0.069799997,0.077799998,0.087700002,0.098499998,0.113899998,0.131099999,0.149900004,0.172399998,0.198899999,0.228300005,0.26030001,0.297300011,0.337500006,0.376599997,0.40079999,0.40169999,0.401899993,0.40290001,0.40110001,0.403800011,0.403600007,0.407799989,0.405299991,0.406699985,0.41080001,0.418000013,0.422800005,0.426600009,0.433800012,0.435099989,0.439900011,0.444400013,0.447600007,0.451999992,0.455599994,0.461600006,0.46419999,0.467900008,0.470999986,0.476999998,0.479799986,0.483099997,0.485700011,0.489499986,0.493600011,0.495499998,0.498400003,0.502099991,0.5,0.505200028,0.507399976,0.506900013,0.506500006,0.507399976
F3,0.0526,0.0528,0.053100001,0.0535,0.054699998,0.057100002,0.0601,0.0638,0.068800002,0.0766,0.085900001,0.0995,0.116899997,0.135700002,0.157100007,0.182600007,0.209800005,0.238299996,0.269199997,0.301800013,0.338200003,0.375400007,0.404100001,0.401899993,0.4014,0.401199997,0.400900006,0.40169999,0.402999997,0.401300013,0.401300013,0.404399991,0.408800006,0.412600011,0.416799992,0.420700014,0.421999991,0.426099986,0.42899999,0.431300014,0.432099998,0.435600013,0.437599987,0.439700007,0.444000006,0.443500012,0.450100005,0.448700011,0.455000013,0.45480001,0.458000004,0.462199986,0.462000012,0.468300015,0.470400006,0.467200011,0.475600004,0.478599995,0.478500009,0.480199993,0.479799986
F4,0.053100001,0.054000001,0.0548,0.0561,0.058499999,0.062199999,0.066,0.071699999,0.0814,0.093000002,0.107500002,0.125699997,0.144899994,0.167099997,0.191400006,0.220200002,0.251700014,0.28459999,0.324699998,0.367799997,0.410400003,0.428200007,0.431300014,0.429699987,0.432000011,0.433800012,0.434500009,0.433800012,0.439000011,0.442999989,0.444999993,0.449499995,0.454400003,0.460500002,0.467999995,0.471700013,0.479400009,0.48089999,0.488499999,0.493600011,0.49970001,0.504400015,0.507799983,0.515699983,0.517199993,0.522300005,0.527499974,0.534300029,0.538100004,0.54369998,0.548500001,0.55309999,0.557799995,0.563300014,0.566500008,0.57190001,0.575999975,0.57889998,0.584500015,0.587800026,0.592700005
F5,0.051600002,0.0528,0.054099999,0.056000002,0.0592,0.0634,0.068099998,0.075300001,0.087399997,0.101099998,0.1197,0.142199993,0.167300001,0.196500003,0.226799995,0.259799987,0.292899996,0.332800001,0.37470001,0.414099991,0.4454,0.443399996,0.441300005,0.442000002,0.441000015,0.442299992,0.442499995,0.444700003,0.445899993,0.44690001,0.448300004,0.452600002,0.457199991,0.46419999,0.470099986,0.475300014,0.479400009,0.485300005,0.488999993,0.494700015,0.498400003,0.503000021,0.506600022,0.511200011,0.51700002,0.520399988,0.526600003,0.529100001,0.537400007,0.538800001,0.543299973,0.548200011,0.551999986,0.558700025,0.561999977,0.563899994,0.57160002,0.574000001,0.578999996,0.582799971,0.583800018
F6,0.056000002,0.0579,0.059799999,0.062399998,0.0669,0.072700001,0.080799997,0.093500003,0.107699998,0.125699997,0.148000002,0.171000004,0.197500005,0.226300001,0.253800005,0.287000001,0.321200013,0.360399991,0.401300013,0.437900007,0.443599999,0.442200005,0.442600012,0.441300005,0.442499995,0.443800002,0.444499999,0.446399987,0.447899997,0.448300004,0.450500011,0.460099995,0.468800008,0.474599987,0.477499992,0.48269999,0.484499991,0.489399999,0.495000005,0.499799997,0.502799988,0.506600022,0.511300027,0.515100002,0.520500004,0.523000002,0.530700028,0.531499982,0.538299978,0.541100025,0.54460001,0.549399972,0.551500022,0.557399988,0.560400009,0.558000028,0.568799973,0.57069999,0.573800027,0.575600028,0.575699985
F7,0.056899998,0.057799999,0.059500001,0.0616,0.066200003,0.071800001,0.0801,0.091300003,0.105700001,0.123199999,0.144800007,0.166899994,0.192300007,0.220699996,0.246299997,0.278499991,0.31220001,0.351900011,0.394899994,0.428799987,0.430099994,0.430299997,0.4287,0.4278,0.425399989,0.426600009,0.423999995,0.426200002,0.426099986,0.4296,0.430400014,0.436100006,0.443699986,0.453299999,0.457300007,0.461400002,0.465000004,0.468300015,0.473199993,0.480100006,0.483900011,0.487300009,0.489899993,0.494899988,0.49970001,0.50120002,0.50940001,0.509199977,0.517799974,0.51880002,0.522700012,0.52609998,0.528100014,0.533500016,0.53609997,0.534300029,0.542299986,0.543600023,0.5449,0.546199977,0.545000017
F8,0.053300001,0.053199999,0.053199999,0.054000001,0.055799998,0.0583,0.062100001,0.065899998,0.071400002,0.080200002,0.0902,0.103500001,0.120999999,0.138300002,0.159899995,0.183899999,0.213200003,0.243900001,0.279399991,0.320899993,0.367399991,0.410299987,0.433899999,0.437700003,0.443599999,0.447100014,0.449999988,0.451900005,0.457199991,0.460500002,0.46509999,0.469999999,0.476300001,0.481999993,0.487500012,0.495299995,0.503199995,0.510999978,0.518700004,0.52700001,0.53490001,0.542699993,0.549899995,0.558600009,0.565900028,0.57160002,0.580500007,0.586399972,0.593200028,0.599099994,0.606599987,0.613099992,0.618499994,0.62620002,0.632300019,0.637799978,0.644200027,0.651000023,0.654200018,0.655900002,0.660099983
F9,0.055599999,0.056699999,0.0579,0.059799999,0.0638,0.068000004,0.074699998,0.084299997,0.095799997,0.110299997,0.128299996,0.147699997,0.171299994,0.197799996,0.224500001,0.258599997,0.293199986,0.334600002,0.376599997,0.39379999,0.397500008,0.393999994,0.394699991,0.394300014,0.394600004,0.394600004,0.395099998,0.397500008,0.396299988,0.396699995,0.396100014,0.401499987,0.404599994,0.407900006,0.412900001,0.420700014,0.421099991,0.426099986,0.429899991,0.437599987,0.43810001,0.442799985,0.447499991,0.450599998,0.456699997,0.457800001,0.464599997,0.462799996,0.471599996,0.472200006,0.474500001,0.478899986,0.478500009,0.487599999,0.487800002,0.488099992,0.496399999,0.496600002,0.498899996,0.501399994,0.500199974
F10,0.054400001,0.055399999,0.056499999,0.058499999,0.061700001,0.066200003,0.0713,0.080700003,0.090300001,0.102899998,0.119199999,0.135100007,0.154799998,0.178399995,0.202299997,0.233799994,0.267500013,0.305700004,0.346100003,0.384900004,0.387699992,0.385600001,0.386599988,0.384799987,0.386000007,0.387400001,0.385600001,0.389099985,0.389800012,0.391900003,0.391900003,0.399399996,0.408600003,0.412999988,0.418799996,0.423000008,0.425599992,0.429199994,0.433499992,0.441799998,0.444999993,0.449400008,0.453500003,0.457399994,0.461800009,0.4639,0.471599996,0.471399993,0.479900003,0.481099993,0.484699994,0.486799985,0.48969999,0.495499998,0.497799993,0.498199999,0.506600022,0.505599976,0.5097,0.50819999,0.511099994
F11,0.054699998,0.056899998,0.058800001,0.061099999,0.065200001,0.07,0.078000002,0.088200003,0.100100003,0.114600003,0.131300002,0.150099993,0.171900004,0.197699994,0.225199997,0.258599997,0.296700001,0.337599993,0.378300011,0.396800011,0.398000002,0.396100014,0.396600008,0.395900011,0.396699995,0.397399992,0.398099989,0.399699986,0.402399987,0.402799994,0.404100001,0.408300012,0.414499998,0.422399998,0.427700013,0.430999994,0.435000002,0.440299988,0.443399996,0.448700011,0.452199996,0.456499994,0.459899992,0.46450001,0.467700005,0.469500005,0.476700008,0.477200002,0.482899994,0.485399991,0.488200009,0.491100013,0.494800001,0.497999996,0.500199974,0.503499985,0.507600009,0.509299994,0.513300002,0.511900008,0.514999986
F12,0.052900001,0.053599998,0.054900002,0.057,0.0605,0.065099999,0.070299998,0.0788,0.089500003,0.100699998,0.1153,0.130199999,0.147599995,0.163900003,0.188099995,0.212899998,0.241500005,0.277500004,0.321099997,0.364100009,0.399699986,0.408600003,0.404599994,0.413100004,0.403899998,0.405699998,0.409500003,0.412400007,0.418199986,0.415699989,0.416599989,0.428299993,0.439200014,0.441799998,0.446799994,0.457300007,0.461100012,0.470400006,0.48269999,0.476300001,0.485799998,0.488400012,0.497999996,0.508599997,0.509500027,0.515699983,0.520500004,0.531099975,0.532500029,0.537299991,0.54400003,0.549099982,0.557299972,0.561100006,0.567799985,0.575200021,0.574400008,0.585500002,0.596800029,0.609099984,0.606000006
G1,0.0528,0.0535,0.053800002,0.054900002,0.0568,0.059599999,0.0656,0.069399998,0.075400002,0.083899997,0.093400002,0.106799997,0.121699996,0.137199998,0.154400006,0.174799994,0.196199998,0.221300006,0.252400011,0.289200008,0.323900014,0.353100002,0.35589999,0.354999989,0.352699995,0.352800012,0.353399992,0.353500009,0.352800012,0.355199993,0.3574,0.357800007,0.360100001,0.364800006,0.372700006,0.378699988,0.383700013,0.389299989,0.394899994,0.399800003,0.403499991,0.408600003,0.413199991,0.418599993,0.423299998,0.426899999,0.433299989,0.436800003,0.439900011,0.446200013,0.448000014,0.451700002,0.456699997,0.460399985,0.46419999,0.469099999,0.470899999,0.47420001,0.478899986,0.48300001,0.483500004
G2,0.0513,0.052499998,0.052900001,0.054099999,0.056000002,0.058899999,0.063000001,0.067500003,0.075000003,0.084700003,0.097199999,0.1149,0.134200007,0.156399995,0.181899995,0.210199997,0.241899997,0.276800007,0.313300014,0.356400013,0.399100006,0.431199998,0.429699987,0.427399993,0.426499993,0.424899995,0.42719999,0.42750001,0.427300006,0.426400006,0.42809999,0.429100007,0.429199994,0.432200015,0.434100002,0.43599999,0.439399988,0.444299996,0.452600002,0.454699993,0.459100008,0.462500006,0.467400014,0.470699996,0.474700004,0.478799999,0.486200005,0.488799989,0.492799997,0.495900005,0.49849999,0.502499998,0.507099986,0.507499993,0.513800025,0.517499983,0.521700025,0.5255,0.526000023,0.531099975,0.534799993
G3,0.055199999,0.055500001,0.055799998,0.056899998,0.058600001,0.061900001,0.065800004,0.071599998,0.079300001,0.089699999,0.102200002,0.120099999,0.139599994,0.163399994,0.189300001,0.220400006,0.255100012,0.292400003,0.332800001,0.378100008,0.421200007,0.442799985,0.442499995,0.440499991,0.440200001,0.440100014,0.440200001,0.441599995,0.443399996,0.443800002,0.446399987,0.447699994,0.450199992,0.453000009,0.456900001,0.462199986,0.468899995,0.473100007,0.479099989,0.481900007,0.486499995,0.489800006,0.494899988,0.499900013,0.504499972,0.506900013,0.513800025,0.516499996,0.519900024,0.524200022,0.527100027,0.532199979,0.537299991,0.538900018,0.54369998,0.547399998,0.550999999,0.555000007,0.557099998,0.560500026,0.562300026
G4,0.0517,0.051899999,0.052200001,0.052999999,0.0548,0.057700001,0.061700001,0.066299997,0.073100001,0.082999997,0.095200002,0.111400001,0.130999997,0.154400006,0.180600002,0.208800003,0.238399997,0.269699991,0.302399993,0.340999991,0.38409999,0.420300007,0.423799992,0.423299998,0.423299998,0.421299994,0.424499989,0.425199986,0.426400006,0.426699996,0.429699987,0.432999998,0.439200014,0.446700007,0.452300012,0.45629999,0.461100012,0.467500001,0.47299999,0.475600004,0.480699986,0.482600004,0.489800006,0.4921,0.498299986,0.502900004,0.511399984,0.512399972,0.517400026,0.520900011,0.524200022,0.530200005,0.532899976,0.533100009,0.543500006,0.544200003,0.545300007,0.552200019,0.549600005,0.555899978,0.557500005
G5,0.049600001,0.050900001,0.051399998,0.0526,0.055,0.058499999,0.0634,0.069600001,0.078299999,0.091200002,0.105300002,0.122900002,0.141399995,0.160999999,0.184400007,0.213799998,0.245499998,0.280800015,0.32280001,0.36500001,0.411500007,0.443500012,0.444499999,0.443899989,0.445300013,0.445600003,0.445499986,0.44690001,0.450700015,0.452199996,0.456699997,0.461199999,0.462799996,0.467000008,0.479099989,0.486099988,0.49059999,0.495599985,0.504499972,0.508099973,0.513000011,0.5176,0.524800003,0.528500021,0.535099983,0.541700006,0.545300007,0.551199973,0.558099985,0.564100027,0.566799998,0.576699972,0.577600002,0.586499989,0.588199973,0.593900025,0.601300001,0.603799999,0.609600008,0.614300013,0.618499994
G6,0.052700002,0.053599998,0.054299999,0.0557,0.057799999,0.061299998,0.065300003,0.071199998,0.079300001,0.090700001,0.103500001,0.119800001,0.138500005,0.1611,0.185299993,0.214200005,0.244900003,0.278600007,0.318699986,0.360300005,0.40200001,0.420599997,0.424400002,0.423799992,0.427300006,0.435200006,0.434100002,0.429699987,0.432200015,0.439399988,0.439399988,0.444700003,0.450700015,0.456400007,0.463699997,0.467900008,0.475400001,0.476900011,0.4815,0.484400004,0.492599994,0.495499998,0.500199974,0.505599976,0.509800017,0.511699975,0.515500009,0.522099972,0.521000028,0.526000023,0.535099983,0.536499977,0.541499972,0.546299994,0.550100029,0.553600013,0.556299985,0.559199989,0.567200005,0.567099989,0.569700003
G7,0.051600002,0.0524,0.0528,0.054099999,0.056200001,0.059700001,0.063600004,0.069600001,0.078199998,0.089000002,0.102300003,0.1193,0.137600005,0.159999996,0.185399994,0.213799998,0.244900003,0.283499986,0.323500007,0.370499998,0.410899997,0.423200011,0.421000004,0.421999991,0.421900004,0.425000012,0.424800009,0.428900003,0.429899991,0.433200002,0.4375,0.440800011,0.444099993,0.453700006,0.458700001,0.461899996,0.468400002,0.474799991,0.479799986,0.48269999,0.488700002,0.497900009,0.49880001,0.507700026,0.514400005,0.512899995,0.516600013,0.527499974,0.52759999,0.533800006,0.540400028,0.541899979,0.549300015,0.554099977,0.5528,0.562300026,0.562600017,0.564400017,0.576600015,0.575100005,0.577199996
G8,0.050500002,0.050799999,0.051100001,0.051899999,0.053399999,0.055799998,0.059599999,0.063500002,0.069600001,0.079499997,0.090700001,0.1065,0.124899998,0.146300003,0.171700001,0.198699996,0.229499996,0.262100011,0.298200011,0.34009999,0.389099985,0.427300006,0.430599988,0.432900012,0.431600004,0.42930001,0.434199989,0.434899986,0.441700012,0.440200001,0.44659999,0.455000013,0.459500015,0.463800013,0.472299993,0.476599991,0.479699999,0.487899989,0.49059999,0.495999992,0.500199974,0.504899979,0.510200024,0.513300002,0.51849997,0.524600029,0.532000005,0.532599986,0.541800022,0.541400015,0.547500014,0.550599992,0.55400002,0.556900024,0.566200018,0.564700007,0.568899989,0.573899984,0.575600028,0.581499994,0.583100021
G9,0.0517,0.052099999,0.0524,0.054000001,0.056200001,0.059599999,0.064099997,0.068999998,0.0779,0.087700002,0.100400001,0.117600001,0.134299994,0.152600005,0.175500006,0.201700002,0.231099993,0.265500009,0.301400006,0.341199994,0.383899987,0.382499993,0.380800009,0.380400002,0.381599993,0.379999995,0.380400002,0.382800013,0.389200002,0.383599997,0.387899995,0.39199999,0.395300001,0.404199988,0.411300004,0.414600015,0.418799996,0.426099986,0.429699987,0.432099998,0.436800003,0.441799998,0.446399987,0.445899993,0.453500003,0.456999987,0.463,0.46450001,0.47299999,0.476999998,0.480399996,0.488299996,0.492500007,0.493099988,0.500999987,0.499599993,0.506799996,0.511399984,0.511099994,0.515500009,0.519400001
G10,0.051899999,0.0528,0.054200001,0.055500001,0.058200002,0.0625,0.066600002,0.073700003,0.084100001,0.0955,0.110299997,0.125499994,0.141499996,0.161799997,0.1866,0.211300001,0.243699998,0.278400004,0.315699995,0.353300005,0.382600009,0.376899988,0.376599997,0.373199999,0.374799997,0.372599989,0.372700006,0.3741,0.381700009,0.373699993,0.377700001,0.381199986,0.381399989,0.387600005,0.394400001,0.400299996,0.404399991,0.414200008,0.413700014,0.418199986,0.420700014,0.426200002,0.430900008,0.429100007,0.434799999,0.4366,0.444499999,0.442900002,0.450399995,0.451299995,0.451000005,0.457199991,0.462300003,0.455599994,0.465000004,0.461299986,0.468499988,0.472900003,0.469700009,0.472000003,0.474500001
G11,0.0526,0.0528,0.0537,0.054900002,0.057799999,0.0616,0.065399997,0.070100002,0.078100003,0.087399997,0.099100001,0.112800002,0.1294,0.148200005,0.170200005,0.195500001,0.225799993,0.257400006,0.291999996,0.333400011,0.376800001,0.411599994,0.41080001,0.408899993,0.409000009,0.408499986,0.408600003,0.409399986,0.412499994,0.411000013,0.412299991,0.415300012,0.417199999,0.4199,0.422199994,0.425099999,0.431499988,0.439900011,0.442000002,0.446399987,0.451299995,0.454400003,0.458799988,0.460900009,0.466300011,0.468899995,0.474900007,0.477400005,0.483599991,0.485500008,0.489399999,0.494599998,0.500100017,0.500800014,0.509599984,0.511099994,0.516799986,0.522899985,0.526499987,0.530399978,0.53640002
G12,0.0526,0.0539,0.056000002,0.0581,0.061099999,0.066,0.071400002,0.079400003,0.092299998,0.105899997,0.121699996,0.1391,0.156800002,0.180099994,0.208199993,0.239600003,0.272300005,0.310499996,0.354099989,0.399500012,0.438600004,0.438499987,0.434500009,0.434300005,0.433800012,0.432900012,0.432700008,0.433699995,0.433499992,0.436399996,0.437599987,0.440899998,0.443599999,0.450500011,0.45629999,0.460999996,0.466300011,0.470400006,0.476900011,0.478500009,0.484699994,0.488400012,0.492799997,0.497000009,0.501600027,0.505699992,0.510299981,0.514400005,0.517099977,0.523299992,0.527400017,0.531599999,0.537100017,0.538399994,0.54400003,0.545799971,0.548300028,0.55339998,0.554099977,0.558499992,0.56099999
H1,0.054699998,0.054200001,0.0548,0.055599999,0.057300001,0.0605,0.064000003,0.068300001,0.075300001,0.084600002,0.094400004,0.107299998,0.120999999,0.136099994,0.154499993,0.174799994,0.196400002,0.222000003,0.254400015,0.286799997,0.322600007,0.360700011,0.36500001,0.3653,0.362899989,0.361699998,0.359400004,0.359499991,0.360399991,0.358200014,0.363599986,0.364499986,0.369899988,0.374799997,0.382600009,0.385699987,0.389600009,0.39320001,0.397599995,0.402099997,0.406100005,0.40990001,0.414099991,0.417600006,0.423400015,0.430299997,0.429199994,0.435299993,0.442600012,0.445600003,0.448799998,0.455599994,0.454100013,0.459399998,0.462399989,0.464300007,0.467900008,0.471100003,0.472799987,0.474900007,0.477100015
H2,0.0539,0.054499999,0.055100001,0.0557,0.057399999,0.060400002,0.063100003,0.068000004,0.074299999,0.082999997,0.093699999,0.106799997,0.1215,0.137899995,0.156599999,0.177300006,0.199300006,0.225999996,0.25729999,0.290600002,0.327699989,0.355699986,0.354999989,0.353799999,0.353899986,0.353399992,0.352899998,0.350499988,0.350300014,0.351599991,0.353500009,0.355300009,0.361600012,0.366299987,0.371800005,0.3759,0.380499989,0.383300006,0.388200015,0.394300014,0.395200014,0.400200009,0.401800007,0.406800002,0.4102,0.413399994,0.416599989,0.421400011,0.424499989,0.425700009,0.430999994,0.434700012,0.435499996,0.441300005,0.445199996,0.443599999,0.445100009,0.449900001,0.453599989,0.453299999,0.455300003
H3,0.0546,0.053800002,0.054699998,0.055599999,0.057500001,0.0612,0.064300001,0.069399998,0.076899998,0.086099997,0.0977,0.112800002,0.129600003,0.150399998,0.173299998,0.199000001,0.226999998,0.259999991,0.297500014,0.336299986,0.376399994,0.400700003,0.401600003,0.400700003,0.398200005,0.399199992,0.397599995,0.400000006,0.399399996,0.40110001,0.4023,0.403899998,0.406500012,0.40959999,0.412800014,0.418799996,0.424600005,0.430500001,0.434899986,0.440200001,0.442099989,0.449200004,0.451000005,0.457500011,0.461400002,0.464399993,0.468100011,0.47330001,0.477600008,0.479000002,0.483500004,0.487699986,0.49059999,0.497500002,0.499599993,0.503300011,0.505900025,0.510800004,0.516799986,0.518999994,0.520500004
H4,0.0539,0.054299999,0.054699998,0.055799998,0.057700001,0.060600001,0.064199999,0.068000004,0.074600004,0.083499998,0.092200004,0.105999999,0.121699996,0.140000001,0.159799993,0.182500005,0.208199993,0.234099999,0.2676,0.301200002,0.337300003,0.371300012,0.374599993,0.377299994,0.377499998,0.380299985,0.381399989,0.38409999,0.388300002,0.392100006,0.396800011,0.403800011,0.411000013,0.416799992,0.421499997,0.428299993,0.431899995,0.43720001,0.443100005,0.4472,0.453900009,0.458000004,0.465600014,0.470699996,0.474299997,0.478300005,0.484600008,0.49090001,0.489199996,0.501699984,0.502499998,0.504599989,0.513999999,0.515399993,0.518400013,0.521200001,0.532500029,0.533800006,0.542500019,0.5449,0.550999999
H5,0.054699998,0.054499999,0.055199999,0.056600001,0.058800001,0.062399998,0.066600002,0.072300002,0.081,0.0933,0.107299998,0.1241,0.142800003,0.162699997,0.186700001,0.213699997,0.243599996,0.275400013,0.315699995,0.356700003,0.399899989,0.427300006,0.428200007,0.430299997,0.426999986,0.430299997,0.432099998,0.433499992,0.436500013,0.43779999,0.443300009,0.444900006,0.451999992,0.459500015,0.467999995,0.474900007,0.479600012,0.483099997,0.487899989,0.492900014,0.500199974,0.503400028,0.506699979,0.512799978,0.519599974,0.523899972,0.527999997,0.532000005,0.539300025,0.540799975,0.547699988,0.550199986,0.556100011,0.558799982,0.565599978,0.570800006,0.572899997,0.577799976,0.58039999,0.584800005,0.588800013
H6,0.053399999,0.054200001,0.055199999,0.056699999,0.059,0.062700003,0.067100003,0.0735,0.082999997,0.095200002,0.109899998,0.127100006,0.146899998,0.165999994,0.187999994,0.213300005,0.243300006,0.274599999,0.317600012,0.356900007,0.4005,0.419400007,0.419499993,0.420399994,0.417600006,0.419800013,0.419999987,0.422899991,0.423599988,0.426400006,0.431400001,0.430400014,0.437900007,0.444400013,0.453999996,0.462000012,0.466300011,0.469199985,0.474900007,0.479400009,0.486799985,0.488900006,0.491299987,0.498600006,0.505400002,0.508899987,0.512000024,0.516799986,0.523299992,0.52640003,0.531700015,0.535300016,0.541000009,0.544099987,0.550800026,0.556400001,0.561100006,0.567099989,0.569400013,0.573199987,0.578999996
H7,0.053800002,0.054900002,0.0557,0.056600001,0.059099998,0.062899999,0.066600002,0.073100001,0.082500003,0.093400002,0.106399998,0.123899996,0.143000007,0.167600006,0.194199994,0.220899999,0.252999991,0.290300012,0.328599989,0.368200004,0.403299987,0.407499999,0.406300008,0.405699998,0.404900014,0.407499999,0.406899989,0.406800002,0.407999992,0.409000009,0.411199987,0.413700014,0.420700014,0.430200011,0.434899986,0.437299997,0.442900002,0.448599994,0.452899993,0.457700014,0.458799988,0.466699988,0.470699996,0.474400014,0.476900011,0.481999993,0.485900015,0.489600003,0.49180001,0.497200012,0.499799997,0.504999995,0.506900013,0.515600026,0.514400005,0.517099977,0.518899977,0.521799982,0.528800011,0.531000018,0.530799985
H8,0.0526,0.053300001,0.053399999,0.053599998,0.055,0.056499999,0.058699999,0.062700003,0.066500001,0.073299997,0.0832,0.093500003,0.106700003,0.123599999,0.142100006,0.1637,0.186700001,0.215399995,0.240799993,0.273400009,0.309100002,0.350300014,0.387800008,0.399800003,0.401800007,0.402500004,0.402999997,0.403800011,0.406100005,0.406699985,0.405000001,0.410100013,0.409200013,0.414000005,0.415300012,0.417100012,0.423999995,0.42930001,0.433499992,0.4375,0.43810001,0.445199996,0.452399999,0.456499994,0.457700014,0.465999991,0.470899999,0.477299988,0.477699995,0.486099988,0.488999993,0.492799997,0.498299986,0.505699992,0.506799996,0.510699987,0.515999973,0.51789999,0.527100027,0.533699989,0.53490001
H9,0.0548,0.055799998,0.056699999,0.0572,0.0594,0.062100001,0.066,0.071599998,0.079700001,0.090300001,0.101300001,0.113799997,0.128099993,0.145699993,0.165900007,0.188899994,0.215900004,0.246000007,0.283199996,0.316599995,0.353500009,0.363799989,0.359100014,0.357499987,0.352100015,0.352400005,0.350300014,0.3486,0.349099994,0.3477,0.354000002,0.3565,0.361400008,0.362300009,0.365500003,0.365200013,0.370099992,0.372799993,0.375800014,0.379000008,0.376700014,0.381999999,0.381599993,0.385100007,0.387800008,0.388500005,0.387699992,0.389800012,0.389999986,0.391299993,0.393299997,0.3926,0.392500013,0.399100006,0.397599995,0.394600004,0.394400001,0.391299993,0.395099998,0.39410001,0.39230001
H10,0.056200001,0.057700001,0.0592,0.060800001,0.064000003,0.068300001,0.073299997,0.083099999,0.093699999,0.106299996,0.122199997,0.139599994,0.159700006,0.184599996,0.210099995,0.238499999,0.270500004,0.305400014,0.346599996,0.385500014,0.40990001,0.411199987,0.411300004,0.409200013,0.409000009,0.411599994,0.41080001,0.41049999,0.411799997,0.413500011,0.414299995,0.415699989,0.42019999,0.422699988,0.427100003,0.434300005,0.440699995,0.443899989,0.448300004,0.452800006,0.45660001,0.460999996,0.463999987,0.470200002,0.47389999,0.477499992,0.480800003,0.485399991,0.489300013,0.491400003,0.496800005,0.500100017,0.502600014,0.507300019,0.512899995,0.514400005,0.516900003,0.522199988,0.52670002,0.527199984,0.531400025
H11,0.052999999,0.0539,0.054499999,0.055799998,0.057799999,0.060400002,0.064000003,0.068999998,0.075400002,0.084799998,0.095799997,0.110100001,0.124399997,0.141100004,0.160099998,0.185000002,0.209000006,0.2368,0.269400001,0.308299989,0.343499988,0.36649999,0.372200012,0.371600002,0.370299995,0.370400012,0.370400012,0.370200008,0.372200012,0.37560001,0.376899988,0.38440001,0.39230001,0.397799999,0.402200013,0.405099988,0.410899997,0.414600015,0.418500006,0.423099995,0.425799996,0.430599988,0.435699999,0.438800007,0.442000002,0.446700007,0.450500011,0.455500007,0.457100004,0.462199986,0.464399993,0.469199985,0.473399997,0.476900011,0.476700008,0.480599999,0.482899994,0.486099988,0.491100013,0.492300004,0.493200004
H12,0.0546,0.055100001,0.056899998,0.059099998,0.062700003,0.067699999,0.073700003,0.083400004,0.096100003,0.110600002,0.128700003,0.147200003,0.168500006,0.194499999,0.222100005,0.251599997,0.285600007,0.32949999,0.369700015,0.409000009,0.432200015,0.430900008,0.432000011,0.432599992,0.432099998,0.430900008,0.433099985,0.436100006,0.43630001,0.437700003,0.440299988,0.440699995,0.443699986,0.444999993,0.455799997,0.466500014,0.463,0.468699992,0.479200006,0.480599999,0.486099988,0.487500012,0.491699994,0.499799997,0.505699992,0.506500006,0.510900021,0.515999973,0.524399996,0.522700012,0.527899981,0.538699985,0.537500024,0.546199977,0.547900021,0.552299976,0.563399971,0.564899981,0.567700028,0.570100009,0.570599973
,,,,,,,,,,,,,,,,,,,,,,,,,,,,,,,,,,,,,,,,,,,,,,,,,,,,,,,,,,,,,
GFP,,,,,,,,,,,,,,,,,,,,,,,,,,,,,,,,,,,,,,,,,,,,,,,,,,,,,,,,,,,,,
Cycle Nr.,1,2,3,4,5,6,7,8,9,10,11,12,13,14,15,16,17,18,19,20,21,22,23,24,25,26,27,28,29,30,31,32,33,34,35,36,37,38,39,40,41,42,43,44,45,46,47,48,49,50,51,52,53,54,55,56,57,58,59,60,61
Time [s],0,1020,2040,3060,4080,5100,6120,7140,8160,9180,10200,11220,12240,13260,14280,15300,16320,17340,18360,19380,20400,21420,22440,23460,24480,25500,26520,27540.1,28560,29580,30600,31620,32640,33660.1,34680,35700,36720.1,37740,38760.1,39780,40800,41820,42840.1,43860.1,44879.9,45899.9,46919.9,47939.9,48959.9,49979.9,50999.9,52019.9,53039.9,54059.9,55079.9,56099.9,57119.9,58139.9,59159.9,60179.9,61199.9
Temp. [°C],37.5,37.2,37.2,36.9,37.2,36.8,37,37.1,37,37.2,37.1,37,37,37.1,37.2,36.9,36.9,37.1,37.1,37.2,37,37,37.2,37.2,37.1,37,37,37,37,37.2,37.1,37.2,37.2,37.1,37,36.9,37.2,37.2,37.1,37.1,37,37,37.1,37.2,37.1,36.9,37.3,37,37,37,36.8,36.9,36.9,37,37,37,37.1,37.1,37.1,37.1,37.1
A1,273,270,268,267,289,295,300,328,353,426,467,554,653,752,918,1097,1303,1550,1720,2019,2152,2239,2314,2349,2420,2424,2521,2484,2577,2612,2616,2669,2620,2738,2762,2796,2847,2932,2953,3047,3110,3089,3206,3252,3289,3322,3421,3427,3509,3562,3633,3612,3681,3750,3912,3924,4058,4051,4094,4128,4264
A2,277,265,289,295,284,304,333,354,382,426,484,592,699,842,1011,1195,1429,1663,1937,2135,2275,2295,2340,2442,2455,2474,2531,2555,2603,2635,2666,2779,2757,2855,2870,2939,2972,3013,3040,3176,3165,3171,3292,3400,3460,3492,3502,3619,3672,3723,3759,3842,3865,3942,3972,4092,4127,4214,4238,4344,4429
A3,266,252,255,254,271,266,301,286,321,332,362,433,508,593,729,833,1051,1239,1438,1710,1872,1916,1978,2011,2100,2127,2163,2154,2177,2197,2269,2261,2314,2323,2387,2367,2526,2519,2597,2617,2678,2789,2778,2856,2876,2878,3012,3054,3039,3120,3167,3246,3286,3332,3347,3431,3516,3484,3573,3590,3742
A4,303,306,323,328,359,366,412,456,545,596,731,837,1021,1218,1429,1733,2040,2390,2697,3070,3267,3437,3605,3699,3761,3883,3992,3989,4063,4098,4143,4148,4387,4288,4393,4385,4468,4575,4654,4709,4714,4876,4879,5028,5048,5077,5255,5217,5371,5340,5499,5670,5643,5682,5767,6014,5929,6063,6189,6121,6299
A5,291,266,273,280,308,306,314,349,382,447,489,592,719,855,1048,1205,1442,1656,1923,2108,2235,2274,2455,2421,2483,2571,2636,2672,2759,2801,2849,2863,2897,2900,3037,3057,3225,3248,3306,3371,3554,3488,3636,3694,3792,3866,3935,4004,4020,4196,4238,4274,4357,4416,4568,4638,4735,4743,4734,4831,5044
A6,471,482,496,489,510,490,516,535,560,600,678,766,930,1087,1290,1479,1615,1760,1858,2003,2129,2342,2552,2778,3183,3760,4500,5342,6455,7759,9360,11206,13308,15817,18562,20967,23396,25248,25959,26493,27306,27784,28094,28826,29443,29767,30637,31343,31691,32734,32701,33237,33451,34312,34588,34709,35186,35620,35434,36081,36260
A7,258,263,242,263,269,277,284,302,315,331,354,419,511,602,723,830,1013,1190,1408,1667,1924,1915,1952,1981,2026,2082,2065,2099,2128,2161,2216,2197,2282,2266,2354,2356,2417,2487,2471,2523,2484,2614,2705,2755,2836,2871,2778,2924,3028,3054,3059,3160,3189,3240,3350,3343,3422,3434,3521,3588,3580
A8,275,258,239,265,252,273,273,304,301,302,341,421,476,560,664,808,971,1145,1374,1615,1725,1831,1838,1879,1894,1988,2012,2031,2071,1996,2172,2136,2131,2201,2184,2234,2284,2355,2358,2417,2464,2540,2528,2636,2650,2659,2771,2831,2800,2917,2922,3033,2975,3125,3271,3363,3343,3433,3428,3629,3695
A9,269,280,256,249,273,273,288,321,325,350,419,478,539,646,767,959,1145,1326,1564,1800,1870,1881,1891,2009,2003,2031,2093,1994,2092,2105,2143,2149,2205,2139,2237,2320,2332,2355,2499,2509,2549,2602,2639,2740,2699,2684,2856,2806,2938,2905,3059,3050,3061,3128,3197,3256,3307,3358,3388,3375,3477
A10,305,303,302,324,357,376,423,491,556,669,774,943,1125,1331,1615,1795,2240,2546,3010,3387,3640,3825,4156,4250,4345,4525,4597,4622,4799,4741,4906,4897,5058,4980,5076,5227,5187,5356,5414,5396,5420,5694,5525,5716,5725,5850,6083,6054,6035,6025,6270,6273,6424,6515,6564,6693,6794,6853,6979,6976,7070
A11,270,254,260,267,254,275,285,301,320,329,366,415,443,561,641,825,933,1126,1342,1556,1892,2128,2277,2303,2334,2366,2541,2476,2564,2605,2651,2719,2612,2737,2737,2957,2951,3001,2975,3083,3100,3242,3295,3308,3294,3415,3381,3401,3614,3654,3647,3778,3686,3821,3944,3976,4034,4032,4151,4086,4274
A12,251,262,237,238,238,251,249,239,254,241,235,257,267,244,255,257,260,263,243,270,236,281,268,272,258,256,256,268,260,269,280,283,280,277,280,269,281,285,272,278,289,263,277,295,296,281,282,277,264,289,282,270,290,288,305,296,305,295,269,287,297
B1,269,253,264,264,284,277,293,313,335,382,417,479,549,643,725,873,991,1218,1424,1710,1921,1915,2007,2037,2073,2109,2175,2211,2081,2144,2262,2268,2255,2314,2394,2308,2490,2495,2545,2483,2604,2632,2637,2739,2758,2930,2902,2944,3027,3084,3061,3098,3098,3130,3479,3366,3442,3403,3624,3612,3735
B2,235,267,252,254,268,243,277,283,283,311,340,379,436,516,621,691,822,984,1118,1357,1532,1598,1555,1645,1651,1620,1713,1777,1664,1712,1759,1797,1737,1823,1853,1816,1912,1961,1973,1895,2119,2080,2100,2240,2133,2266,2298,2332,2436,2414,2401,2413,2419,2488,2658,2621,2655,2726,2718,2740,2787
B3,230,217,227,246,247,253,268,254,288,281,321,356,414,507,618,732,842,1035,1245,1474,1767,2001,2155,2301,2360,2356,2553,2616,2562,2633,2757,2789,2817,2900,2974,2911,3134,3283,3221,3267,3370,3470,3470,3578,3605,3706,3792,3910,4002,4057,4014,4144,4211,4314,4613,4590,4628,4679,4873,4930,5153
B4,244,246,246,256,261,256,257,281,291,325,365,393,480,576,653,777,890,1106,1315,1522,1691,1755,1781,1852,1881,1891,1935,1996,1925,1934,2073,2104,2037,2147,2193,2184,2295,2376,2343,2372,2439,2436,2490,2571,2528,2682,2733,2766,2853,2883,2860,2834,2889,3054,3146,3112,3163,3148,3272,3355,3410
B5,268,241,279,279,287,302,325,370,416,515,571,676,787,955,1130,1326,1544,1864,2135,2493,2582,2781,2877,2960,3072,3057,3215,3248,3271,3259,3352,3428,3375,3579,3635,3636,3767,3824,3818,3821,3971,4070,3983,4229,4197,4251,4298,4462,4501,4627,4598,4599,4665,4664,4982,4935,4968,5059,5281,5315,5425
B6,260,259,257,244,254,275,291,289,315,356,374,456,528,601,725,858,1004,1243,1449,1711,1707,1716,1814,1868,1844,1834,1904,1930,1842,1925,1973,2026,1974,2113,2152,2123,2235,2280,2291,2261,2384,2429,2340,2554,2503,2544,2572,2726,2804,2789,2830,2861,2881,2892,3138,3099,3075,3081,3321,3389,3431
B7,225,225,230,234,232,248,252,254,282,297,339,391,461,528,650,786,900,1086,1319,1575,1688,1674,1710,1759,1785,1719,1825,1881,1910,1784,1937,1950,1911,2051,2046,2011,2161,2180,2212,2198,2270,2371,2326,2461,2415,2477,2564,2631,2719,2702,2691,2605,2705,2691,2979,3034,2986,3027,3082,3206,3240
B8,225,203,219,224,232,235,235,255,254,258,295,284,331,382,448,501,580,706,827,961,1185,1372,1583,1640,1679,1746,1764,1830,1801,1833,1953,2002,1962,2049,2081,2087,2201,2244,2311,2259,2379,2485,2546,2658,2594,2841,2897,3059,3168,3166,3219,3309,3295,3580,3685,3740,3854,3977,4061,4063,4243
B9,238,233,232,259,253,266,280,316,324,356,392,487,537,683,821,966,1131,1384,1625,1861,1965,2031,2136,2180,2248,2237,2380,2413,2400,2459,2632,2603,2604,2736,2835,2826,2975,3003,3067,3081,3186,3254,3216,3444,3359,3590,3558,3601,3806,3855,3890,3793,3897,3865,4273,4213,4265,4234,4406,4468,4637
B10,225,214,227,237,233,234,244,256,274,297,331,386,443,518,626,720,865,1070,1295,1512,1674,1674,1752,1767,1791,1720,1859,1890,1841,1839,1947,1972,1950,2054,2123,2065,2158,2213,2234,2244,2243,2343,2370,2502,2469,2588,2531,2619,2781,2723,2785,2805,2797,2886,3019,3031,2883,3064,3235,3211,3348
B11,320,260,286,317,311,324,396,422,474,554,662,793,927,1157,1436,1679,1926,2284,2647,2872,3040,3259,3401,3514,3610,3711,3798,3931,3897,3924,4123,4178,4189,4289,4380,4344,4587,4668,4814,4718,4900,5033,4947,5214,5211,5252,5475,5572,5597,5779,5682,5676,5802,6041,6170,6226,6214,6413,6505,6609,6721
B12,232,233,238,239,241,244,255,258,286,311,338,388,465,503,608,710,803,977,1209,1359,1553,1605,1645,1709,1690,1785,1770,1796,1725,1783,1891,1888,1870,1957,1947,1973,2056,2074,2165,2120,2193,2304,2229,2402,2340,2531,2571,2611,2714,2753,2802,2817,2854,2946,3052,3119,3075,3142,3271,3329,3464
C1,242,269,250,269,236,259,281,285,301,319,339,389,438,532,584,746,855,1005,1219,1406,1615,1652,1700,1749,1821,1794,1785,1835,1848,1833,1871,1917,1846,1976,1991,1983,2070,2069,2141,2139,2184,2248,2252,2356,2360,2407,2424,2500,2549,2530,2608,2686,2696,2748,2834,2925,2893,2873,2973,3083,3069
C2,285,265,275,266,283,301,325,319,326,362,396,440,545,637,750,893,1046,1255,1495,1734,1988,2163,2285,2241,2352,2464,2579,2522,2583,2587,2613,2690,2697,2754,2781,2867,2930,2844,3016,3020,3147,3196,3112,3275,3341,3394,3424,3541,3486,3647,3657,3708,3617,3891,3960,4027,4096,4074,4218,4289,4434
C3,276,269,266,289,282,301,302,317,336,364,384,438,545,615,712,861,995,1179,1390,1616,1658,1686,1698,1734,1755,1845,1870,1872,1896,1934,1966,1957,1951,2034,2037,2081,2145,2103,2231,2263,2295,2352,2293,2445,2407,2434,2618,2583,2562,2642,2730,2753,2746,2765,2896,2974,2986,2976,3152,3215,3252
C4,289,286,270,256,266,290,287,311,296,367,398,446,528,620,736,879,1039,1190,1429,1701,1795,1887,1892,1870,1948,2006,2014,2057,2008,2025,2072,2148,2124,2214,2200,2180,2299,2290,2365,2426,2454,2503,2546,2690,2642,2666,2788,2770,2836,2914,2924,2968,3067,3050,3131,3170,3124,3242,3305,3335,3488
C5,315,295,310,322,307,337,338,359,381,416,446,500,615,769,890,1070,1335,1503,1864,2237,2542,2788,2951,3143,3347,3458,3577,3671,3845,3855,3980,4125,4092,4319,4382,4515,4716,4692,4900,5022,5120,5147,5247,5395,5464,5625,5769,5900,5813,6025,6068,6165,6284,6364,6585,6752,6875,6988,7110,7251,7452
C6,294,277,272,279,297,302,312,317,348,392,427,519,578,671,840,1005,1172,1411,1620,1906,1959,1952,1986,1996,2077,2167,2172,2226,2237,2218,2210,2355,2306,2425,2461,2411,2523,2543,2591,2649,2760,2770,2744,2887,2898,2960,3022,3082,3142,3198,3187,3319,3293,3420,3571,3640,3651,3572,3872,3825,3923
C7,262,265,262,274,265,288,287,306,332,349,394,464,529,621,740,874,1048,1260,1510,1726,1751,1794,1803,1835,1895,1937,1961,1960,1997,2015,2002,2073,2025,2130,2183,2171,2274,2296,2326,2389,2461,2467,2491,2627,2607,2688,2749,2805,2845,2844,2964,2940,2966,3131,3164,3239,3303,3290,3408,3546,3621
C8,259,233,256,249,260,253,284,292,291,336,362,431,494,590,696,847,984,1163,1426,1716,1841,1908,1938,1954,2070,2125,2162,2153,2167,2190,2243,2261,2287,2350,2438,2369,2519,2487,2539,2628,2682,2710,2776,2905,2840,2971,2902,3030,3019,3189,3206,3305,3228,3417,3540,3561,3634,3567,3704,3750,3863
C9,274,260,251,266,270,281,289,323,325,357,394,492,554,681,795,933,1145,1369,1606,1859,1986,2007,2052,2077,2174,2218,2188,2295,2313,2257,2394,2464,2382,2515,2553,2568,2665,2671,2739,2791,2868,2890,2905,2977,3068,3182,3217,3279,3322,3313,3464,3509,3598,3668,3829,3888,3927,3983,4168,4167,4318
C10,285,263,262,255,277,267,297,310,310,374,395,467,539,664,763,927,1089,1311,1584,1837,1987,2097,2105,2155,2200,2308,2341,2370,2394,2380,2311,2499,2487,2588,2496,2563,2644,2680,2756,2800,2866,2922,2930,2977,3016,3040,3155,3218,3260,3279,3362,3336,3452,3488,3523,3577,3602,3640,3721,3740,3883
C11,283,278,282,297,308,338,350,395,426,470,550,648,701,870,990,1164,1375,1541,1774,2025,2268,2371,2464,2509,2568,2647,2747,2675,2768,2738,2782,2865,2795,2933,2944,2937,3065,3077,3212,3213,3289,3339,3346,3410,3428,3532,3588,3636,3653,3739,3824,3865,3801,3995,4119,4137,4149,4261,4294,4424,4486
C12,250,263,269,258,276,273,275,293,303,342,374,425,488,592,702,844,957,1160,1369,1658,1887,1987,2050,2037,2150,2160,2199,2251,2239,2301,2310,2397,2337,2477,2472,2477,2596,2590,2721,2694,2741,2857,2830,2993,2922,3008,3108,3162,3157,3290,3362,3427,3391,3474,3650,3677,3719,3700,3887,4016,3999
D1,259,235,268,265,274,280,290,311,323,365,365,444,550,622,727,883,1044,1258,1461,1692,1980,2114,2270,2370,2428,2530,2568,2613,2598,2659,2753,2781,2772,2869,2917,2924,3112,3150,3196,3206,3297,3409,3368,3505,3526,3593,3678,3767,3793,3836,3949,4086,4078,4141,4273,4307,4416,4434,4559,4608,4627
D2,278,272,252,269,282,270,282,296,315,340,348,431,492,579,682,824,957,1150,1391,1630,1933,1986,2113,2213,2256,2406,2355,2397,2397,2492,2513,2544,2575,2590,2650,2648,2768,2819,2908,2899,2997,3064,3080,3176,3155,3256,3257,3389,3277,3437,3509,3514,3576,3707,3694,3737,3858,3936,3960,4088,4096
D3,293,269,268,262,279,287,309,339,345,398,450,537,626,727,883,1032,1239,1446,1726,2021,2338,2451,2589,2663,2734,2817,2791,2859,2928,2900,2988,3030,3049,3194,3140,3216,3284,3426,3411,3474,3582,3655,3660,3737,3788,3883,3897,4088,4021,4169,4265,4295,4363,4494,4522,4690,4708,4757,4868,4914,4979
D4,265,262,251,255,258,274,270,307,319,355,376,449,545,628,730,885,1112,1297,1539,1817,2164,2306,2464,2610,2739,2753,2865,2890,2985,3017,3055,3173,3050,3239,3307,3310,3371,3459,3499,3568,3687,3718,3889,3860,3876,4113,4195,4269,4341,4432,4572,4663,4750,4950,5076,5074,5224,5376,5588,5624,5747
D5,244,247,243,246,237,263,257,278,279,297,332,364,447,503,587,714,848,1013,1234,1393,1663,1692,1726,1722,1796,1837,1844,1893,1900,1880,1917,1963,1947,2001,2017,2077,2146,2202,2252,2243,2284,2360,2365,2445,2468,2577,2522,2597,2636,2649,2761,2869,2864,2955,3040,3068,3066,3179,3231,3299,3426
D6,271,234,243,246,262,241,269,277,279,317,344,374,440,511,607,720,879,1023,1218,1452,1644,1675,1682,1701,1790,1828,1845,1868,1853,1861,1917,1927,1963,2011,1997,2040,2069,2107,2159,2231,2253,2260,2277,2321,2409,2450,2495,2556,2510,2608,2668,2690,2705,2739,2775,2844,2909,2903,3008,2940,3103
D7,250,249,258,256,270,276,270,290,308,322,332,406,481,568,643,779,927,1086,1303,1480,1668,1678,1721,1721,1741,1776,1824,1864,1852,1829,1877,1941,1905,1978,1973,1974,2079,2113,2110,2217,2177,2227,2273,2321,2381,2420,2459,2425,2574,2521,2655,2631,2685,2715,2789,2822,2833,2918,2961,2948,3064
D8,243,254,249,263,239,247,261,268,268,273,291,332,359,407,464,561,658,777,927,1104,1253,1514,1693,1711,1749,1799,1801,1857,1853,1862,1955,2020,1947,1972,1991,2033,2094,2127,2174,2217,2205,2230,2279,2366,2324,2418,2413,2567,2484,2532,2658,2686,2797,2810,2832,2921,3007,3096,3186,3189,3291
D9,233,251,257,273,270,269,272,275,314,343,370,434,541,626,773,875,1054,1244,1456,1713,1763,1824,1875,1893,1920,2007,1970,2028,2059,2043,2091,2086,2085,2163,2170,2231,2328,2300,2375,2378,2455,2526,2515,2592,2580,2670,2716,2768,2760,2828,2863,2934,2977,3033,3089,3108,3147,3184,3234,3376,3333
D10,256,258,273,290,298,310,337,383,440,488,569,692,828,1025,1214,1410,1680,1965,2305,2577,2811,3009,3104,3207,3335,3366,3438,3535,3541,3572,3656,3699,3633,3830,3805,3796,3957,3953,3954,4059,4153,4108,4196,4257,4309,4330,4308,4460,4498,4532,4641,4680,4761,4732,4795,4880,4967,4969,5063,5103,5176
D11,256,270,279,241,271,261,268,280,288,311,330,394,452,550,668,799,950,1113,1295,1534,1765,1911,2031,2112,2150,2206,2288,2328,2344,2325,2443,2446,2462,2496,2527,2569,2670,2689,2721,2755,2838,2888,2918,3065,3035,3109,3191,3197,3204,3366,3435,3441,3591,3564,3756,3731,3804,3802,3926,4037,4050
D12,295,271,294,275,282,290,321,340,355,376,437,506,595,700,857,1024,1241,1424,1709,1991,2247,2333,2421,2492,2569,2575,2672,2737,2751,2784,2812,2860,2821,2934,2991,2975,3120,3185,3185,3240,3316,3371,3409,3466,3559,3619,3644,3640,3727,3829,3900,3934,3990,4112,4224,4278,4355,4432,4424,4430,4609
E1,413,406,366,401,392,396,408,424,444,470,517,576,629,733,835,968,1102,1330,1529,1801,2031,2265,2342,2381,2456,2517,2541,2607,2620,2672,2720,2721,2853,2790,2853,2892,2950,3020,3052,3142,3213,3210,3215,3323,3364,3459,3497,3532,3559,3696,3763,3832,3843,3976,4056,4056,4226,4253,4377,4454,4451
E2,423,415,411,430,430,409,431,446,467,484,512,589,676,734,846,1008,1149,1327,1551,1778,2075,2129,2226,2282,2352,2400,2377,2523,2487,2505,2556,2583,2650,2661,2668,2739,2782,2838,2925,2935,2966,3119,3067,3077,3107,3299,3312,3351,3344,3452,3512,3582,3590,3793,3831,3836,3897,3936,4033,4117,4135
E3,373,411,383,383,402,381,393,405,403,438,479,497,575,641,707,805,946,1120,1301,1559,1746,1908,1990,2098,2130,2159,2225,2236,2233,2250,2395,2382,2397,2410,2456,2454,2500,2669,2625,2687,2781,2777,2860,2893,2978,3007,3057,3113,3173,3148,3235,3324,3308,3414,3450,3501,3482,3606,3782,3702,3890
E4,454,407,431,406,445,446,466,505,535,580,694,759,887,998,1189,1396,1609,1929,2199,2459,2831,3034,3250,3390,3612,3553,3698,3766,3732,3837,3917,3965,4043,4036,4099,4137,4189,4244,4345,4372,4459,4558,4515,4732,4773,4929,4880,4952,5001,5104,5266,5221,5254,5386,5572,5571,5661,5823,5893,5843,5993
E5,445,407,411,418,396,416,431,446,467,490,540,602,688,757,910,1035,1198,1457,1646,1940,2211,2288,2360,2468,2586,2663,2688,2729,2873,2802,2914,2949,3074,3069,3217,3257,3344,3412,3487,3549,3614,3620,3708,3842,3872,4064,4060,4223,4263,4366,4473,4552,4639,4751,4973,5066,5037,5248,5297,5347,5475
E6,542,573,527,565,574,559,594,617,630,631,687,707,812,909,1053,1140,1321,1423,1550,1625,1712,1818,1975,2241,2529,2892,3491,4148,5079,6159,7554,9147,10981,13016,14922,16965,18458,19313,19874,20480,21002,21596,22089,22787,23396,24092,24639,25182,25690,26261,26596,27044,27594,28035,28457,28923,29024,29606,29789,30387,30555
E7,426,429,383,400,395,414,415,400,429,447,478,518,576,677,761,879,997,1194,1364,1574,1838,1906,1957,2035,2046,2074,2103,2133,2107,2156,2205,2226,2224,2316,2308,2367,2430,2487,2481,2546,2629,2652,2641,2692,2767,2856,2887,2944,3031,3093,3066,3171,3219,3205,3353,3313,3419,3467,3499,3627,3710
E8,444,414,405,412,415,392,426,434,440,449,459,511,581,703,773,867,1006,1226,1436,1630,1882,1930,1950,2036,2065,2098,2148,2101,2201,2195,2260,2273,2228,2346,2358,2369,2424,2480,2544,2579,2641,2647,2660,2722,2822,2884,2951,2929,2914,3079,3093,3156,3199,3241,3341,3291,3380,3427,3501,3592,3618
E9,379,378,385,406,405,396,400,401,411,434,493,511,566,644,721,833,975,1142,1345,1570,1806,1852,1875,1903,1948,1984,2048,2028,1986,2028,2160,2153,2133,2158,2249,2225,2254,2315,2396,2375,2407,2535,2484,2640,2612,2709,2747,2786,2663,2867,2925,3016,2998,3015,3115,3169,3191,3291,3369,3457,3418
E10,432,422,405,424,430,466,500,531,625,709,842,964,1173,1374,1628,1907,2227,2580,2905,3341,3715,3922,4134,4349,4520,4604,4704,4756,4878,4932,4985,5040,5196,5205,5307,5335,5369,5544,5587,5643,5699,5746,5860,5928,6053,6191,6203,6253,6402,6466,6404,6463,6670,6756,6858,7063,7073,7170,7235,7394,7430
E11,422,405,391,410,403,405,423,417,437,441,476,523,578,655,744,859,970,1152,1351,1540,1807,2084,2295,2337,2439,2490,2529,2532,2566,2605,2629,2702,2681,2862,2846,2798,2904,3024,3146,3081,3201,3230,3226,3288,3368,3478,3486,3509,3699,3786,3683,3792,3922,3899,3951,4097,4053,4016,4201,4278,4342
E12,406,419,390,395,382,372,372,388,383,365,389,388,392,377,372,366,372,397,398,378,388,397,369,386,398,392,401,387,383,413,386,402,393,371,396,380,393,420,382,394,392,407,387,395,398,395,399,422,374,414,411,397,404,408,424,389,397,425,422,404,411
F1,412,409,416,382,408,419,423,449,441,487,525,563,632,707,808,917,1053,1186,1396,1584,1809,1918,1986,1992,2086,2122,2073,2187,2137,2190,2242,2251,2234,2287,2307,2341,2393,2457,2496,2536,2537,2544,2576,2654,2739,2790,2782,2835,2933,2950,3027,3053,3078,3164,3258,3300,3297,3394,3335,3466,3588
F2,408,396,377,379,395,392,393,404,399,420,450,489,539,571,641,744,862,1026,1134,1325,1503,1730,1732,1796,1925,1895,1875,1845,1923,1902,1981,1980,2008,2033,2060,2116,2112,2169,2205,2196,2257,2346,2335,2430,2463,2517,2518,2609,2631,2657,2699,2713,2751,2863,2921,2873,2983,3056,2969,3156,3181
F3,413,378,380,400,387,355,384,412,410,428,422,480,517,590,654,770,884,1021,1210,1404,1556,1835,2109,2213,2347,2375,2476,2535,2540,2547,2759,2808,2729,2852,2879,2898,2987,3053,3127,3156,3251,3293,3243,3374,3560,3588,3580,3631,3817,3853,3924,4025,4052,4169,4195,4341,4466,4524,4495,4768,4837
F4,412,387,376,367,381,369,383,402,417,420,436,477,547,599,693,827,928,1068,1250,1427,1601,1806,1831,1906,1996,1990,1985,2062,2082,2075,2111,2199,2195,2224,2220,2316,2321,2340,2408,2430,2467,2582,2498,2601,2676,2756,2796,2770,2895,2882,2868,2984,3075,3064,3138,3193,3198,3328,3155,3356,3562
F5,408,403,418,379,439,436,476,486,528,588,641,753,889,1002,1167,1341,1503,1737,2019,2290,2545,2693,2790,2870,3063,3072,3125,3198,3225,3251,3318,3332,3446,3424,3510,3537,3651,3711,3711,3746,3802,3923,3930,3997,4134,4136,4186,4274,4285,4351,4487,4549,4595,4638,4741,4743,4838,4917,4885,5108,5188
F6,398,408,402,397,385,403,393,403,456,457,465,560,620,722,825,969,1146,1299,1461,1672,1839,1839,1893,1915,2025,2059,1953,2011,2051,2019,2156,2124,2207,2233,2237,2311,2366,2411,2455,2467,2533,2589,2583,2653,2728,2720,2805,2830,2910,2920,2969,3020,3109,3238,3304,3263,3385,3395,3366,3528,3642
F7,399,409,393,385,400,386,409,426,418,435,468,540,613,695,805,892,1057,1238,1460,1622,1716,1772,1784,1779,1882,1869,1791,1857,1883,1869,1986,1979,1993,2028,2088,2061,2087,2146,2227,2174,2257,2312,2365,2332,2483,2464,2499,2562,2581,2588,2651,2690,2726,2729,2817,2833,2892,2935,2897,3066,3172
F8,409,409,397,406,407,382,395,416,423,426,433,482,531,584,611,643,742,918,1007,1159,1299,1474,1656,1666,1841,1799,1895,1910,1939,1942,2010,2063,2111,2126,2156,2177,2201,2311,2325,2408,2485,2486,2566,2657,2778,2837,2810,2951,3080,3175,3235,3246,3425,3534,3581,3737,3792,3936,3884,4150,4229
F9,418,395,389,406,402,424,419,467,473,558,601,674,768,899,1028,1182,1339,1539,1763,1950,2016,2087,2185,2210,2328,2310,2326,2428,2433,2428,2556,2563,2641,2702,2707,2818,2818,2891,2992,3033,3139,3214,3215,3327,3368,3428,3503,3514,3646,3652,3745,3806,3907,3968,3968,4068,4138,4290,4148,4273,4312
F10,407,402,384,388,394,385,410,413,427,441,497,554,611,706,825,958,1086,1298,1483,1663,1710,1775,1791,1838,1926,1853,1879,1927,1988,2011,2000,2031,2068,2110,2144,2124,2141,2232,2306,2331,2319,2432,2478,2457,2563,2540,2628,2668,2740,2787,2769,2811,2895,2980,2920,2955,3060,3097,3062,3186,3277
F11,444,419,459,448,471,481,508,576,620,724,819,999,1223,1451,1688,1974,2255,2618,2993,3242,3492,3619,3803,3977,4111,4146,4175,4305,4378,4369,4573,4551,4590,4698,4732,4898,5008,5142,5185,5268,5319,5386,5520,5571,5709,5789,5894,5980,6027,6098,6318,6292,6443,6568,6661,6808,6781,6896,6862,7143,7291
F12,429,412,386,400,414,386,419,426,432,460,488,543,576,653,774,874,1002,1163,1394,1615,1786,1858,1909,1950,2102,2012,2066,2100,2106,2116,2176,2213,2222,2254,2279,2291,2384,2419,2523,2579,2637,2644,2704,2750,2940,2944,3048,3047,3124,3221,3237,3332,3494,3445,3557,3620,3719,3783,3629,3932,4040
G1,429,441,439,428,425,433,417,436,449,448,489,507,564,613,671,767,914,1021,1202,1353,1608,1859,1860,1905,1996,2011,1962,2054,2036,2007,2062,2098,2088,2200,2198,2224,2249,2265,2290,2362,2382,2383,2431,2523,2569,2666,2654,2707,2750,2757,2824,2852,2895,2990,3018,3084,3129,3179,3125,3273,3440
G2,486,453,441,466,435,440,461,460,453,505,525,574,652,733,853,966,1070,1280,1499,1651,1871,2106,2217,2282,2358,2389,2441,2604,2573,2622,2616,2661,2689,2755,2795,2790,2813,2876,2914,2912,3011,3079,3034,3107,3241,3219,3223,3347,3416,3427,3482,3532,3613,3631,3701,3825,3833,3893,3765,3962,4080
G3,447,456,408,421,430,435,447,405,471,478,497,532,577,650,722,809,934,1069,1238,1435,1654,1824,1848,1902,1958,1969,1972,2061,2051,2022,2104,2113,2121,2120,2170,2241,2256,2300,2349,2369,2433,2450,2465,2490,2557,2597,2698,2703,2744,2703,2822,2901,2847,2904,2966,3079,3055,3115,2985,3175,3364
G4,440,403,406,412,432,409,424,420,444,458,450,494,540,592,660,781,884,1022,1160,1355,1586,1810,1862,1893,1961,2012,2067,2088,2129,2089,2118,2152,2150,2203,2208,2262,2316,2342,2420,2459,2504,2504,2495,2569,2604,2718,2698,2806,2880,2879,2955,2993,3004,3170,3216,3215,3242,3307,3252,3513,3553
G5,460,443,436,443,463,405,454,452,457,485,483,553,602,709,789,873,1030,1233,1452,1689,1998,2367,2659,2795,3047,3203,3290,3510,3559,3660,3751,3811,3947,3993,4071,4253,4309,4492,4470,4631,4766,4901,4936,5090,5115,5307,5395,5565,5600,5724,5766,5846,5561,6089,6242,6512,6599,6817,6616,7002,7292
G6,462,408,426,404,433,425,418,444,447,459,490,529,572,689,769,898,981,1179,1384,1611,1819,2049,2087,2155,2222,2212,2278,2294,2319,2354,2376,2454,2430,2471,2518,2544,2539,2651,2699,2723,2750,2806,2816,2887,2928,3024,3072,3111,3097,3174,3210,3229,3445,3347,3454,3548,3523,3624,3516,3748,3903
G7,451,418,426,421,432,424,436,443,441,448,489,542,580,640,763,854,999,1172,1351,1614,1788,1917,2007,1980,2098,2061,2096,2143,2156,2181,2286,2294,2284,2290,2355,2412,2394,2511,2483,2556,2608,2682,2623,2752,2771,2912,2903,2938,3054,3057,3100,3121,2865,3190,3349,3355,3343,3432,3360,3524,3637
G8,401,395,394,369,387,389,396,423,401,441,436,476,498,592,656,763,864,1028,1229,1434,1664,1944,1959,2089,2132,2216,2237,2243,2272,2263,2349,2365,2427,2418,2458,2523,2543,2668,2691,2774,2841,2866,2836,2900,2919,3069,3039,3096,3214,3219,3278,3303,3304,3406,3491,3599,3579,3714,3589,3813,3849
G9,457,427,448,441,422,460,455,450,469,476,530,574,622,748,824,901,1049,1273,1447,1688,1951,2042,2064,2118,2145,2233,2221,2273,2296,2334,2369,2385,2386,2431,2523,2502,2557,2650,2696,2760,2785,2881,2841,2939,2987,3031,3105,3173,3250,3279,3321,3260,3372,3504,3596,3735,3729,3814,3763,4008,4074
G10,428,423,413,409,423,398,441,442,448,485,549,578,682,792,918,1035,1230,1431,1576,1926,2139,2214,2302,2364,2384,2519,2478,2499,2535,2549,2672,2710,2687,2729,2753,2844,2834,2913,2975,2996,3101,3025,3186,3249,3303,3309,3358,3404,3426,3517,3521,3603,3571,3735,3728,3811,3816,3946,3817,3997,4144
G11,451,448,433,426,458,463,486,500,495,555,621,665,750,838,970,1085,1241,1391,1564,1805,2076,2307,2441,2475,2621,2626,2693,2712,2753,2822,2826,2877,2878,2922,2915,3001,3014,3044,3158,3187,3210,3266,3310,3426,3441,3527,3523,3602,3589,3673,3713,3825,3695,3897,3969,4112,4024,4141,4094,4295,4400
G12,439,442,441,446,436,442,429,457,454,505,541,568,641,720,825,954,1120,1298,1506,1775,2013,2035,2155,2224,2217,2301,2259,2340,2334,2380,2474,2460,2514,2531,2587,2613,2624,2718,2762,2828,2826,2927,2911,3070,3070,3159,3152,3170,3302,3276,3400,3470,3364,3603,3673,3773,3743,3876,3801,3964,4106
H1,451,427,432,448,427,447,447,465,476,493,528,583,663,766,869,1007,1172,1322,1513,1776,2067,2357,2486,2626,2705,2879,2870,2984,3005,3048,3093,3127,3215,3246,3323,3392,3410,3481,3547,3635,3786,3793,3778,3848,3978,4051,4196,4201,4229,4320,4484,4494,4707,4685,4776,4857,5032,5144,5096,5303,5442
H2,428,412,428,396,394,404,416,409,434,464,493,512,585,654,750,866,970,1154,1310,1539,1797,2035,2180,2240,2317,2455,2395,2493,2499,2558,2593,2630,2622,2656,2755,2765,2828,2927,2909,2931,3033,3057,3123,3147,3205,3264,3345,3359,3448,3496,3586,3591,3651,3772,3774,3908,3987,3969,4071,4086,4233
H3,434,408,417,415,431,430,455,434,480,508,538,587,685,760,880,1030,1166,1389,1538,1754,2099,2320,2396,2569,2620,2718,2811,2811,2874,2895,3046,2967,3017,3037,3137,3122,3108,3198,3297,3335,3403,3492,3510,3672,3650,3767,3783,3779,3845,3971,4041,4056,4105,4295,4304,4392,4476,4517,4578,4632,4797
H4,389,369,376,383,380,371,378,415,407,449,443,480,554,588,682,796,916,1068,1266,1410,1687,1928,2052,2146,2302,2362,2349,2425,2510,2564,2694,2655,2742,2769,2778,2911,2901,2911,3011,3060,3118,3238,3196,3339,3409,3429,3578,3569,3607,3680,3797,3857,3912,4094,4147,4236,4366,4471,4279,4641,4794
H5,360,383,353,390,381,362,361,400,397,406,443,453,521,579,646,718,846,968,1139,1300,1519,1702,1739,1768,1805,1937,1859,1941,1955,1906,1999,2031,2052,2077,2092,2139,2138,2211,2261,2262,2394,2371,2406,2442,2538,2596,2556,2633,2632,2732,2841,2862,2969,2940,3037,3101,3173,3198,3358,3293,3411
H6,375,396,399,365,378,397,384,399,403,432,449,488,526,576,676,760,862,1006,1171,1323,1589,1733,1763,1746,1812,1844,1885,1911,1898,1932,1976,2026,1961,1990,2053,2092,2103,2092,2162,2191,2272,2330,2260,2369,2378,2452,2512,2552,2532,2608,2661,2715,2623,2836,2844,2952,2953,3012,2859,3107,3151
H7,419,384,399,386,401,401,408,412,412,455,485,502,541,640,688,804,948,1092,1215,1453,1665,1754,1768,1868,1857,1927,1958,1946,1931,1998,2054,2078,2050,2152,2125,2203,2218,2298,2296,2385,2389,2437,2436,2484,2585,2581,2666,2648,2688,2788,2856,2880,2909,3068,3101,3192,3307,3227,3118,3375,3491
H8,410,391,386,377,389,388,389,393,389,391,411,417,449,469,551,578,668,760,892,1047,1226,1392,1599,1640,1712,1784,1824,1815,1870,1906,1946,1910,1946,1951,1980,2069,2062,2113,2146,2181,2192,2258,2349,2366,2426,2478,2511,2615,2590,2690,2715,2750,2837,2982,3059,3066,3146,3272,3330,3289,3445
H9,383,373,381,392,381,400,389,409,420,417,447,518,593,640,759,846,992,1195,1376,1613,1869,1987,2027,2119,2161,2198,2186,2230,2237,2260,2364,2402,2414,2483,2457,2578,2566,2631,2705,2712,2827,2817,2838,2913,2966,3028,3101,3114,3084,3286,3312,3305,3298,3380,3513,3599,3630,3649,3742,3800,3868
H10,476,457,448,460,451,467,511,537,560,616,712,830,919,1103,1259,1464,1720,2042,2305,2547,2871,3059,3101,3277,3414,3492,3514,3589,3620,3631,3821,3812,3820,3815,3908,3890,3860,4021,3987,4089,4130,4281,4183,4154,4294,4368,4419,4528,4549,4614,4695,4703,4745,4837,4924,4992,5062,5186,5230,5301,5409
H11,413,382,374,386,383,382,393,426,403,443,492,504,592,646,747,888,1002,1202,1403,1558,1833,2105,2185,2242,2304,2378,2459,2418,2538,2547,2620,2666,2692,2711,2742,2834,2872,2957,3024,3067,3168,3121,3182,3201,3380,3430,3496,3561,3615,3677,3722,3815,3799,3976,4029,4137,4208,4300,4272,4359,4575
H12,478,486,467,471,490,481,491,507,507,554,577,693,739,855,959,1114,1320,1543,1706,1991,2229,2348,2390,2437,2477,2589,2592,2627,2674,2646,2727,2739,2785,2807,2873,2866,2961,3057,3093,3078,3139,3233,3196,3317,3383,3391,3456,3518,3516,3618,3687,3797,3724,3827,3943,4047,4049,4205,4136,4336,4390
